<keymap version="1" name="Esther for GNOME" parent="Default for GNOME">
  <action id="CloseActiveTab">
    <keyboard-shortcut first-keystroke="shift ctrl f4" />
    <keyboard-shortcut first-keystroke="ctrl w" />
  </action>
  <action id="CollapseAll">
    <keyboard-shortcut first-keystroke="ctrl subtract" />
  </action>
  <action id="CollapseAllRegions">
    <keyboard-shortcut first-keystroke="shift ctrl subtract" />
  </action>
  <action id="CollapseExpandableComponent">
    <keyboard-shortcut first-keystroke="shift enter" />
    <keyboard-shortcut first-keystroke="ctrl subtract" />
  </action>
  <action id="CollapseRegion">
    <keyboard-shortcut first-keystroke="ctrl subtract" />
  </action>
  <action id="CommentByBlockComment">
    <keyboard-shortcut first-keystroke="shift ctrl slash" />
    <keyboard-shortcut first-keystroke="shift ctrl divide" />
    <keyboard-shortcut first-keystroke="shift ctrl minus" />
  </action>
  <action id="CommentByLineComment">
    <keyboard-shortcut first-keystroke="ctrl slash" />
    <keyboard-shortcut first-keystroke="ctrl divide" />
    <keyboard-shortcut first-keystroke="ctrl minus" />
  </action>
  <action id="Console.TableResult.NextPage" />
  <action id="Console.TableResult.PreviousPage" />
  <action id="EditorSelectWord">
    <keyboard-shortcut first-keystroke="ctrl alt up" />
  </action>
  <action id="EditorToggleColumnMode">
    <keyboard-shortcut first-keystroke="shift alt insert" />
    <keyboard-shortcut first-keystroke="shift alt 8" />
  </action>
  <action id="EditorUnSelectWord">
    <keyboard-shortcut first-keystroke="ctrl alt down" />
  </action>
  <action id="EvaluateExpression" />
</keymap>