<application>
  <component name="libraryTable">
    <library name="Python 2.7 (cartoframes27) interpreter library">
      <CLASSES>
        <root url="file://$USER_HOME$/.virtualenvs/cartoframes27/lib/python2.7" />
        <root url="file://$USER_HOME$/.virtualenvs/cartoframes27/lib/python2.7/lib-dynload" />
        <root url="file:///usr/lib/python2.7" />
        <root url="file:///usr/lib/python2.7/plat-x86_64-linux-gnu" />
        <root url="file:///usr/lib/python2.7/lib-tk" />
        <root url="file://$USER_HOME$/.virtualenvs/cartoframes27/local/lib/python2.7/site-packages" />
        <root url="file://$USER_HOME$/.virtualenvs/cartoframes27/lib/python2.7/site-packages" />
        <root url="file://$USER_HOME$/.IntelliJIdea2019.2/system/python_stubs/594648239" />
        <root url="file://$APPLICATION_PLUGINS_DIR$/python/helpers/python-skeletons" />
        <root url="file://$APPLICATION_PLUGINS_DIR$/python/helpers/typeshed/stdlib/2" />
        <root url="file://$APPLICATION_PLUGINS_DIR$/python/helpers/typeshed/stdlib/2and3" />
        <root url="file://$APPLICATION_PLUGINS_DIR$/python/helpers/typeshed/third_party/2" />
        <root url="file://$APPLICATION_PLUGINS_DIR$/python/helpers/typeshed/third_party/2and3" />
      </CLASSES>
      <JAVADOC />
      <SOURCES>
        <root url="file://$USER_HOME$/.virtualenvs/cartoframes27/lib/python2.7" />
        <root url="file://$USER_HOME$/.virtualenvs/cartoframes27/lib/python2.7/lib-dynload" />
        <root url="file:///usr/lib/python2.7" />
        <root url="file:///usr/lib/python2.7/plat-x86_64-linux-gnu" />
        <root url="file:///usr/lib/python2.7/lib-tk" />
        <root url="file://$USER_HOME$/.virtualenvs/cartoframes27/local/lib/python2.7/site-packages" />
        <root url="file://$USER_HOME$/.virtualenvs/cartoframes27/lib/python2.7/site-packages" />
        <root url="file://$USER_HOME$/.IntelliJIdea2019.2/system/python_stubs/594648239" />
        <root url="file://$APPLICATION_PLUGINS_DIR$/python/helpers/python-skeletons" />
        <root url="file://$APPLICATION_PLUGINS_DIR$/python/helpers/typeshed/stdlib/2" />
        <root url="file://$APPLICATION_PLUGINS_DIR$/python/helpers/typeshed/stdlib/2and3" />
        <root url="file://$APPLICATION_PLUGINS_DIR$/python/helpers/typeshed/third_party/2" />
        <root url="file://$APPLICATION_PLUGINS_DIR$/python/helpers/typeshed/third_party/2and3" />
      </SOURCES>
    </library>
    <library name="Python 3.7 (cartodb-platform) interpreter library">
      <CLASSES>
        <root url="file:///usr/lib/python3.7" />
        <root url="file:///usr/lib/python3.7/lib-dynload" />
        <root url="file://$USER_HOME$/.virtualenvs/cartodb-platform/lib/python3.7/site-packages" />
        <root url="jar://$USER_HOME$/.virtualenvs/cartodb-platform/lib/python3.7/site-packages/setuptools-40.8.0-py3.7.egg!/" />
        <root url="file://$USER_HOME$/.virtualenvs/cartodb-platform/lib/python3.7/site-packages/pip-19.0.3-py3.7.egg" />
        <root url="file://$USER_HOME$/.IntelliJIdea2019.2/system/python_stubs/1325237802" />
        <root url="file://$APPLICATION_PLUGINS_DIR$/python/helpers/python-skeletons" />
        <root url="file://$APPLICATION_PLUGINS_DIR$/python/helpers/typeshed/stdlib/3" />
        <root url="file://$APPLICATION_PLUGINS_DIR$/python/helpers/typeshed/stdlib/2and3" />
        <root url="file://$APPLICATION_PLUGINS_DIR$/python/helpers/typeshed/third_party/3" />
        <root url="file://$APPLICATION_PLUGINS_DIR$/python/helpers/typeshed/third_party/2and3" />
      </CLASSES>
      <JAVADOC />
      <SOURCES>
        <root url="file:///usr/lib/python3.7" />
        <root url="file:///usr/lib/python3.7/lib-dynload" />
        <root url="file://$USER_HOME$/.virtualenvs/cartodb-platform/lib/python3.7/site-packages" />
        <root url="jar://$USER_HOME$/.virtualenvs/cartodb-platform/lib/python3.7/site-packages/setuptools-40.8.0-py3.7.egg!/" />
        <root url="file://$USER_HOME$/.virtualenvs/cartodb-platform/lib/python3.7/site-packages/pip-19.0.3-py3.7.egg" />
        <root url="file://$USER_HOME$/.IntelliJIdea2019.2/system/python_stubs/1325237802" />
        <root url="file://$APPLICATION_PLUGINS_DIR$/python/helpers/python-skeletons" />
        <root url="file://$APPLICATION_PLUGINS_DIR$/python/helpers/typeshed/stdlib/3" />
        <root url="file://$APPLICATION_PLUGINS_DIR$/python/helpers/typeshed/stdlib/2and3" />
        <root url="file://$APPLICATION_PLUGINS_DIR$/python/helpers/typeshed/third_party/3" />
        <root url="file://$APPLICATION_PLUGINS_DIR$/python/helpers/typeshed/third_party/2and3" />
      </SOURCES>
    </library>
    <library name="Python 3.7 (cartoframes) interpreter library">
      <CLASSES>
        <root url="file:///usr/lib/python3.7" />
        <root url="file:///usr/lib/python3.7/lib-dynload" />
        <root url="file://$USER_HOME$/.virtualenvs/cartoframes/lib/python3.7/site-packages" />
        <root url="jar://$USER_HOME$/.virtualenvs/cartoframes/lib/python3.7/site-packages/setuptools-40.8.0-py3.7.egg!/" />
        <root url="file://$USER_HOME$/.virtualenvs/cartoframes/lib/python3.7/site-packages/pip-19.0.3-py3.7.egg" />
        <root url="file://$USER_HOME$/.IntelliJIdea2019.2/system/python_stubs/-1674392492" />
        <root url="file://$APPLICATION_PLUGINS_DIR$/python/helpers/python-skeletons" />
        <root url="file://$APPLICATION_PLUGINS_DIR$/python/helpers/typeshed/stdlib/3" />
        <root url="file://$APPLICATION_PLUGINS_DIR$/python/helpers/typeshed/stdlib/2and3" />
        <root url="file://$APPLICATION_PLUGINS_DIR$/python/helpers/typeshed/third_party/3" />
        <root url="file://$APPLICATION_PLUGINS_DIR$/python/helpers/typeshed/third_party/2and3" />
      </CLASSES>
      <JAVADOC />
      <SOURCES>
        <root url="file:///usr/lib/python3.7" />
        <root url="file:///usr/lib/python3.7/lib-dynload" />
        <root url="file://$USER_HOME$/.virtualenvs/cartoframes/lib/python3.7/site-packages" />
        <root url="jar://$USER_HOME$/.virtualenvs/cartoframes/lib/python3.7/site-packages/setuptools-40.8.0-py3.7.egg!/" />
        <root url="file://$USER_HOME$/.virtualenvs/cartoframes/lib/python3.7/site-packages/pip-19.0.3-py3.7.egg" />
        <root url="file://$USER_HOME$/.IntelliJIdea2019.2/system/python_stubs/-1674392492" />
        <root url="file://$APPLICATION_PLUGINS_DIR$/python/helpers/python-skeletons" />
        <root url="file://$APPLICATION_PLUGINS_DIR$/python/helpers/typeshed/stdlib/3" />
        <root url="file://$APPLICATION_PLUGINS_DIR$/python/helpers/typeshed/stdlib/2and3" />
        <root url="file://$APPLICATION_PLUGINS_DIR$/python/helpers/typeshed/third_party/3" />
        <root url="file://$APPLICATION_PLUGINS_DIR$/python/helpers/typeshed/third_party/2and3" />
      </SOURCES>
    </library>
    <library name="Python 3.7 (pandas-profiling) interpreter library">
      <CLASSES>
        <root url="file:///usr/lib/python3.7" />
        <root url="file:///usr/lib/python3.7/lib-dynload" />
        <root url="file://$USER_HOME$/.virtualenvs/pandas-profiling/lib/python3.7/site-packages" />
        <root url="jar://$USER_HOME$/.virtualenvs/pandas-profiling/lib/python3.7/site-packages/setuptools-40.8.0-py3.7.egg!/" />
        <root url="file://$USER_HOME$/.virtualenvs/pandas-profiling/lib/python3.7/site-packages/pip-19.0.3-py3.7.egg" />
        <root url="file://$USER_HOME$/.IntelliJIdea2019.2/system/python_stubs/-253488181" />
        <root url="file://$APPLICATION_PLUGINS_DIR$/python/helpers/python-skeletons" />
        <root url="file://$APPLICATION_PLUGINS_DIR$/python/helpers/typeshed/stdlib/3" />
        <root url="file://$APPLICATION_PLUGINS_DIR$/python/helpers/typeshed/stdlib/2and3" />
        <root url="file://$APPLICATION_PLUGINS_DIR$/python/helpers/typeshed/third_party/3" />
        <root url="file://$APPLICATION_PLUGINS_DIR$/python/helpers/typeshed/third_party/2and3" />
      </CLASSES>
      <JAVADOC />
      <SOURCES>
        <root url="file:///usr/lib/python3.7" />
        <root url="file:///usr/lib/python3.7/lib-dynload" />
        <root url="file://$USER_HOME$/.virtualenvs/pandas-profiling/lib/python3.7/site-packages" />
        <root url="jar://$USER_HOME$/.virtualenvs/pandas-profiling/lib/python3.7/site-packages/setuptools-40.8.0-py3.7.egg!/" />
        <root url="file://$USER_HOME$/.virtualenvs/pandas-profiling/lib/python3.7/site-packages/pip-19.0.3-py3.7.egg" />
        <root url="file://$USER_HOME$/.IntelliJIdea2019.2/system/python_stubs/-253488181" />
        <root url="file://$APPLICATION_PLUGINS_DIR$/python/helpers/python-skeletons" />
        <root url="file://$APPLICATION_PLUGINS_DIR$/python/helpers/typeshed/stdlib/3" />
        <root url="file://$APPLICATION_PLUGINS_DIR$/python/helpers/typeshed/stdlib/2and3" />
        <root url="file://$APPLICATION_PLUGINS_DIR$/python/helpers/typeshed/third_party/3" />
        <root url="file://$APPLICATION_PLUGINS_DIR$/python/helpers/typeshed/third_party/2and3" />
      </SOURCES>
    </library>
    <library name="Python 3.7 (pontoon) interpreter library">
      <CLASSES>
        <root url="file:///usr/lib/python3.7" />
        <root url="file:///usr/lib/python3.7/lib-dynload" />
        <root url="file://$USER_HOME$/.virtualenvs/pontoon/lib/python3.7/site-packages" />
        <root url="jar://$USER_HOME$/.virtualenvs/pontoon/lib/python3.7/site-packages/setuptools-40.8.0-py3.7.egg!/" />
        <root url="file://$USER_HOME$/.virtualenvs/pontoon/lib/python3.7/site-packages/pip-19.0.3-py3.7.egg" />
        <root url="file://$USER_HOME$/.IntelliJIdea2019.2/system/python_stubs/-1025578720" />
        <root url="file://$APPLICATION_PLUGINS_DIR$/python/helpers/python-skeletons" />
        <root url="file://$APPLICATION_PLUGINS_DIR$/python/helpers/typeshed/stdlib/3" />
        <root url="file://$APPLICATION_PLUGINS_DIR$/python/helpers/typeshed/stdlib/2and3" />
        <root url="file://$APPLICATION_PLUGINS_DIR$/python/helpers/typeshed/third_party/3" />
        <root url="file://$APPLICATION_PLUGINS_DIR$/python/helpers/typeshed/third_party/2and3" />
      </CLASSES>
      <JAVADOC />
      <SOURCES>
        <root url="file:///usr/lib/python3.7" />
        <root url="file:///usr/lib/python3.7/lib-dynload" />
        <root url="file://$USER_HOME$/.virtualenvs/pontoon/lib/python3.7/site-packages" />
        <root url="jar://$USER_HOME$/.virtualenvs/pontoon/lib/python3.7/site-packages/setuptools-40.8.0-py3.7.egg!/" />
        <root url="file://$USER_HOME$/.virtualenvs/pontoon/lib/python3.7/site-packages/pip-19.0.3-py3.7.egg" />
        <root url="file://$USER_HOME$/.IntelliJIdea2019.2/system/python_stubs/-1025578720" />
        <root url="file://$APPLICATION_PLUGINS_DIR$/python/helpers/python-skeletons" />
        <root url="file://$APPLICATION_PLUGINS_DIR$/python/helpers/typeshed/stdlib/3" />
        <root url="file://$APPLICATION_PLUGINS_DIR$/python/helpers/typeshed/stdlib/2and3" />
        <root url="file://$APPLICATION_PLUGINS_DIR$/python/helpers/typeshed/third_party/3" />
        <root url="file://$APPLICATION_PLUGINS_DIR$/python/helpers/typeshed/third_party/2and3" />
      </SOURCES>
    </library>
    <library name="Python 3.7 (Windshaft-cartodb) interpreter library">
      <CLASSES>
        <root url="file:///usr/lib/python3.7" />
        <root url="file:///usr/lib/python3.7/lib-dynload" />
        <root url="file://$USER_HOME$/.virtualenvs/Windshaft-cartodb/lib/python3.7/site-packages" />
        <root url="jar://$USER_HOME$/.virtualenvs/Windshaft-cartodb/lib/python3.7/site-packages/setuptools-40.8.0-py3.7.egg!/" />
        <root url="file://$USER_HOME$/.virtualenvs/Windshaft-cartodb/lib/python3.7/site-packages/pip-19.0.3-py3.7.egg" />
        <root url="file://$USER_HOME$/.IntelliJIdea2019.2/system/python_stubs/1606982615" />
        <root url="file://$APPLICATION_PLUGINS_DIR$/python/helpers/python-skeletons" />
        <root url="file://$APPLICATION_PLUGINS_DIR$/python/helpers/typeshed/stdlib/3" />
        <root url="file://$APPLICATION_PLUGINS_DIR$/python/helpers/typeshed/stdlib/2and3" />
        <root url="file://$APPLICATION_PLUGINS_DIR$/python/helpers/typeshed/third_party/3" />
        <root url="file://$APPLICATION_PLUGINS_DIR$/python/helpers/typeshed/third_party/2and3" />
      </CLASSES>
      <JAVADOC />
      <SOURCES>
        <root url="file:///usr/lib/python3.7" />
        <root url="file:///usr/lib/python3.7/lib-dynload" />
        <root url="file://$USER_HOME$/.virtualenvs/Windshaft-cartodb/lib/python3.7/site-packages" />
        <root url="jar://$USER_HOME$/.virtualenvs/Windshaft-cartodb/lib/python3.7/site-packages/setuptools-40.8.0-py3.7.egg!/" />
        <root url="file://$USER_HOME$/.virtualenvs/Windshaft-cartodb/lib/python3.7/site-packages/pip-19.0.3-py3.7.egg" />
        <root url="file://$USER_HOME$/.IntelliJIdea2019.2/system/python_stubs/1606982615" />
        <root url="file://$APPLICATION_PLUGINS_DIR$/python/helpers/python-skeletons" />
        <root url="file://$APPLICATION_PLUGINS_DIR$/python/helpers/typeshed/stdlib/3" />
        <root url="file://$APPLICATION_PLUGINS_DIR$/python/helpers/typeshed/stdlib/2and3" />
        <root url="file://$APPLICATION_PLUGINS_DIR$/python/helpers/typeshed/third_party/3" />
        <root url="file://$APPLICATION_PLUGINS_DIR$/python/helpers/typeshed/third_party/2and3" />
      </SOURCES>
    </library>
  </component>
</application>