<application>
  <component name="ProjectJdkTable">
    <jdk version="2">
      <name value="Python 3.7 (pontoon)" />
      <type value="Python SDK" />
      <version value="Python 3.7.3" />
      <homePath value="$USER_HOME$/.virtualenvs/pontoon/bin/python" />
      <roots>
        <annotationsPath>
          <root type="composite" />
        </annotationsPath>
        <classPath>
          <root type="composite">
            <root url="file:///usr/lib/python3.7" type="simple" />
            <root url="file:///usr/lib/python3.7/lib-dynload" type="simple" />
            <root url="file://$USER_HOME$/.virtualenvs/pontoon/lib/python3.7/site-packages" type="simple" />
            <root url="jar://$USER_HOME$/.virtualenvs/pontoon/lib/python3.7/site-packages/setuptools-40.8.0-py3.7.egg!/" type="simple" />
            <root url="file://$USER_HOME$/.virtualenvs/pontoon/lib/python3.7/site-packages/pip-19.0.3-py3.7.egg" type="simple" />
            <root url="file://$USER_HOME$/.IntelliJIdea2019.3/system/python_stubs/-1025578720" type="simple" />
            <root url="file://$APPLICATION_PLUGINS_DIR$/python/helpers/python-skeletons" type="simple" />
            <root url="file://$APPLICATION_PLUGINS_DIR$/python/helpers/typeshed/stdlib/3" type="simple" />
            <root url="file://$APPLICATION_PLUGINS_DIR$/python/helpers/typeshed/stdlib/2and3" type="simple" />
            <root url="file://$APPLICATION_PLUGINS_DIR$/python/helpers/typeshed/third_party/3" type="simple" />
            <root url="file://$APPLICATION_PLUGINS_DIR$/python/helpers/typeshed/third_party/2and3" type="simple" />
          </root>
        </classPath>
        <javadocPath>
          <root type="composite" />
        </javadocPath>
        <sourcePath>
          <root type="composite" />
        </sourcePath>
      </roots>
      <additional />
    </jdk>
    <jdk version="2">
      <name value="Python 3.7 (cartoframes)" />
      <type value="Python SDK" />
      <version value="Python 3.7.3" />
      <homePath value="$USER_HOME$/.virtualenvs/cartoframes/bin/python" />
      <roots>
        <annotationsPath>
          <root type="composite" />
        </annotationsPath>
        <classPath>
          <root type="composite">
            <root url="file:///usr/lib/python3.7" type="simple" />
            <root url="file:///usr/lib/python3.7/lib-dynload" type="simple" />
            <root url="file://$USER_HOME$/.virtualenvs/cartoframes/lib/python3.7/site-packages" type="simple" />
            <root url="jar://$USER_HOME$/.virtualenvs/cartoframes/lib/python3.7/site-packages/setuptools-40.8.0-py3.7.egg!/" type="simple" />
            <root url="file://$USER_HOME$/.virtualenvs/cartoframes/lib/python3.7/site-packages/pip-19.0.3-py3.7.egg" type="simple" />
            <root url="file://$USER_HOME$/.virtualenvs/cartoframes/lib/python3.7/site-packages/webcolors-1.9.1-py3.7.egg" type="simple" />
            <root url="file://$USER_HOME$/.virtualenvs/cartoframes/lib/python3.7/site-packages/Unidecode-1.1.1-py3.7.egg" type="simple" />
            <root url="file://$USER_HOME$/.virtualenvs/cartoframes/lib/python3.7/site-packages/tqdm-4.35.0-py3.7.egg" type="simple" />
            <root url="file://$USER_HOME$/.virtualenvs/cartoframes/lib/python3.7/site-packages/Shapely-1.7a2-py3.7-linux-x86_64.egg" type="simple" />
            <root url="file://$USER_HOME$/.virtualenvs/cartoframes/lib/python3.7/site-packages/pandas-0.25.1-py3.7-linux-x86_64.egg" type="simple" />
            <root url="file://$USER_HOME$/.virtualenvs/cartoframes/lib/python3.7/site-packages/appdirs-1.4.3-py3.7.egg" type="simple" />
            <root url="file://$USER_HOME$/.virtualenvs/cartoframes/lib/python3.7/site-packages/pytz-2019.2-py3.7.egg" type="simple" />
            <root url="file://$USER_HOME$/.virtualenvs/cartoframes/lib/python3.7/site-packages/numpy-1.17.1-py3.7-linux-x86_64.egg" type="simple" />
            <root url="file://$USER_HOME$/.IntelliJIdea2019.3/system/python_stubs/-1674392492" type="simple" />
            <root url="file://$APPLICATION_PLUGINS_DIR$/python/helpers/python-skeletons" type="simple" />
            <root url="file://$APPLICATION_PLUGINS_DIR$/python/helpers/typeshed/stdlib/3" type="simple" />
            <root url="file://$APPLICATION_PLUGINS_DIR$/python/helpers/typeshed/stdlib/2and3" type="simple" />
            <root url="file://$APPLICATION_PLUGINS_DIR$/python/helpers/typeshed/third_party/3" type="simple" />
            <root url="file://$APPLICATION_PLUGINS_DIR$/python/helpers/typeshed/third_party/2and3" type="simple" />
          </root>
        </classPath>
        <javadocPath>
          <root type="composite" />
        </javadocPath>
        <sourcePath>
          <root type="composite" />
        </sourcePath>
      </roots>
      <additional />
    </jdk>
    <jdk version="2">
      <name value="Python 3.7 (pandas-profiling)" />
      <type value="Python SDK" />
      <version value="Python 3.7.3" />
      <homePath value="$USER_HOME$/.virtualenvs/pandas-profiling/bin/python" />
      <roots>
        <annotationsPath>
          <root type="composite" />
        </annotationsPath>
        <classPath>
          <root type="composite">
            <root url="file:///usr/lib/python3.7" type="simple" />
            <root url="file:///usr/lib/python3.7/lib-dynload" type="simple" />
            <root url="file://$USER_HOME$/.virtualenvs/pandas-profiling/lib/python3.7/site-packages" type="simple" />
            <root url="jar://$USER_HOME$/.virtualenvs/pandas-profiling/lib/python3.7/site-packages/setuptools-40.8.0-py3.7.egg!/" type="simple" />
            <root url="file://$USER_HOME$/.virtualenvs/pandas-profiling/lib/python3.7/site-packages/pip-19.0.3-py3.7.egg" type="simple" />
            <root url="file://$USER_HOME$/.IntelliJIdea2019.2/system/python_stubs/-253488181" type="simple" />
            <root url="file://$APPLICATION_PLUGINS_DIR$/python/helpers/python-skeletons" type="simple" />
            <root url="file://$APPLICATION_PLUGINS_DIR$/python/helpers/typeshed/stdlib/3" type="simple" />
            <root url="file://$APPLICATION_PLUGINS_DIR$/python/helpers/typeshed/stdlib/2and3" type="simple" />
            <root url="file://$APPLICATION_PLUGINS_DIR$/python/helpers/typeshed/third_party/3" type="simple" />
            <root url="file://$APPLICATION_PLUGINS_DIR$/python/helpers/typeshed/third_party/2and3" type="simple" />
          </root>
        </classPath>
        <javadocPath>
          <root type="composite" />
        </javadocPath>
        <sourcePath>
          <root type="composite" />
        </sourcePath>
      </roots>
      <additional />
    </jdk>
    <jdk version="2">
      <name value="Python 2.7 (cartoframes27)" />
      <type value="Python SDK" />
      <version value="Python 2.7.16" />
      <homePath value="$USER_HOME$/.virtualenvs/cartoframes27/bin/python" />
      <roots>
        <annotationsPath>
          <root type="composite" />
        </annotationsPath>
        <classPath>
          <root type="composite">
            <root url="file://$USER_HOME$/.virtualenvs/cartoframes27/lib/python2.7" type="simple" />
            <root url="file://$USER_HOME$/.virtualenvs/cartoframes27/lib/python2.7/lib-dynload" type="simple" />
            <root url="file:///usr/lib/python2.7" type="simple" />
            <root url="file:///usr/lib/python2.7/plat-x86_64-linux-gnu" type="simple" />
            <root url="file:///usr/lib/python2.7/lib-tk" type="simple" />
            <root url="file://$USER_HOME$/.virtualenvs/cartoframes27/local/lib/python2.7/site-packages" type="simple" />
            <root url="file://$USER_HOME$/.virtualenvs/cartoframes27/lib/python2.7/site-packages" type="simple" />
            <root url="file://$USER_HOME$/.IntelliJIdea2019.2/system/python_stubs/594648239" type="simple" />
            <root url="file://$APPLICATION_PLUGINS_DIR$/python/helpers/python-skeletons" type="simple" />
            <root url="file://$APPLICATION_PLUGINS_DIR$/python/helpers/typeshed/stdlib/2" type="simple" />
            <root url="file://$APPLICATION_PLUGINS_DIR$/python/helpers/typeshed/stdlib/2and3" type="simple" />
            <root url="file://$APPLICATION_PLUGINS_DIR$/python/helpers/typeshed/third_party/2" type="simple" />
            <root url="file://$APPLICATION_PLUGINS_DIR$/python/helpers/typeshed/third_party/2and3" type="simple" />
          </root>
        </classPath>
        <javadocPath>
          <root type="composite" />
        </javadocPath>
        <sourcePath>
          <root type="composite" />
        </sourcePath>
      </roots>
      <additional />
    </jdk>
    <jdk version="2">
      <name value="Python 3.7 (Windshaft-cartodb)" />
      <type value="Python SDK" />
      <version value="Python 3.7.3" />
      <homePath value="$USER_HOME$/.virtualenvs/Windshaft-cartodb/bin/python" />
      <roots>
        <annotationsPath>
          <root type="composite" />
        </annotationsPath>
        <classPath>
          <root type="composite">
            <root url="file:///usr/lib/python3.7" type="simple" />
            <root url="file:///usr/lib/python3.7/lib-dynload" type="simple" />
            <root url="file://$USER_HOME$/.virtualenvs/Windshaft-cartodb/lib/python3.7/site-packages" type="simple" />
            <root url="jar://$USER_HOME$/.virtualenvs/Windshaft-cartodb/lib/python3.7/site-packages/setuptools-40.8.0-py3.7.egg!/" type="simple" />
            <root url="file://$USER_HOME$/.virtualenvs/Windshaft-cartodb/lib/python3.7/site-packages/pip-19.0.3-py3.7.egg" type="simple" />
            <root url="file://$USER_HOME$/.IntelliJIdea2019.2/system/python_stubs/1606982615" type="simple" />
            <root url="file://$APPLICATION_PLUGINS_DIR$/python/helpers/python-skeletons" type="simple" />
            <root url="file://$APPLICATION_PLUGINS_DIR$/python/helpers/typeshed/stdlib/3" type="simple" />
            <root url="file://$APPLICATION_PLUGINS_DIR$/python/helpers/typeshed/stdlib/2and3" type="simple" />
            <root url="file://$APPLICATION_PLUGINS_DIR$/python/helpers/typeshed/third_party/3" type="simple" />
            <root url="file://$APPLICATION_PLUGINS_DIR$/python/helpers/typeshed/third_party/2and3" type="simple" />
          </root>
        </classPath>
        <javadocPath>
          <root type="composite" />
        </javadocPath>
        <sourcePath>
          <root type="composite" />
        </sourcePath>
      </roots>
      <additional />
    </jdk>
    <jdk version="2">
      <name value="Python 3.7 (cartodb-platform)" />
      <type value="Python SDK" />
      <version value="Python 3.7.3" />
      <homePath value="$USER_HOME$/.virtualenvs/cartodb-platform/bin/python" />
      <roots>
        <annotationsPath>
          <root type="composite" />
        </annotationsPath>
        <classPath>
          <root type="composite">
            <root url="file:///usr/lib/python3.7" type="simple" />
            <root url="file:///usr/lib/python3.7/lib-dynload" type="simple" />
            <root url="file://$USER_HOME$/.virtualenvs/cartodb-platform/lib/python3.7/site-packages" type="simple" />
            <root url="jar://$USER_HOME$/.virtualenvs/cartodb-platform/lib/python3.7/site-packages/setuptools-40.8.0-py3.7.egg!/" type="simple" />
            <root url="file://$USER_HOME$/.virtualenvs/cartodb-platform/lib/python3.7/site-packages/pip-19.0.3-py3.7.egg" type="simple" />
            <root url="file://$USER_HOME$/.IntelliJIdea2019.3/system/python_stubs/1325237802" type="simple" />
            <root url="file://$APPLICATION_PLUGINS_DIR$/python/helpers/python-skeletons" type="simple" />
            <root url="file://$APPLICATION_PLUGINS_DIR$/python/helpers/typeshed/stdlib/3" type="simple" />
            <root url="file://$APPLICATION_PLUGINS_DIR$/python/helpers/typeshed/stdlib/2and3" type="simple" />
            <root url="file://$APPLICATION_PLUGINS_DIR$/python/helpers/typeshed/third_party/3" type="simple" />
            <root url="file://$APPLICATION_PLUGINS_DIR$/python/helpers/typeshed/third_party/2and3" type="simple" />
          </root>
        </classPath>
        <javadocPath>
          <root type="composite" />
        </javadocPath>
        <sourcePath>
          <root type="composite" />
        </sourcePath>
      </roots>
      <additional />
    </jdk>
    <jdk version="2">
      <name value="Remote central: ruby-2.4.5-p335" />
      <type value="RUBY_SDK" />
      <version value="ver.2.4.5p335 ( revision 65137) p335" />
      <homePath value="vagrant:///home/esloho/CARTO/dev/usr/bin/ruby" />
      <roots>
        <annotationsPath>
          <root type="composite" />
        </annotationsPath>
        <classPath>
          <root type="composite">
            <root url="file://$USER_HOME$/.IntelliJIdea2019.3/system/ruby_stubs/-927360252/usr/lib/ruby/gems/2.4.0/gems" type="simple" />
            <root url="file://$USER_HOME$/.IntelliJIdea2019.3/system/ruby_stubs/-927360252/var/lib/gems/2.4.0/gems" type="simple" />
            <root url="file://$USER_HOME$/.IntelliJIdea2019.3/system/ruby_stubs/-927360252/home/ubuntu/.gem/ruby/2.4.0/gems" type="simple" />
            <root url="file://$USER_HOME$/.IntelliJIdea2019.3/system/ruby_stubs/-927360252/usr/lib/x86_64-linux-gnu/rubygems-integration/2.4.0/gems" type="simple" />
            <root url="file://$USER_HOME$/.IntelliJIdea2019.3/system/ruby_stubs/-927360252/usr/share/rubygems-integration/2.4.0/gems" type="simple" />
            <root url="file://$USER_HOME$/.IntelliJIdea2019.3/system/ruby_stubs/-927360252/usr/share/rubygems-integration/all/gems" type="simple" />
            <root url="file://$USER_HOME$/.IntelliJIdea2019.3/system/ruby_stubs/-927360252/usr/local/lib/x86_64-linux-gnu/site_ruby" type="simple" />
            <root url="file://$USER_HOME$/.IntelliJIdea2019.3/system/ruby_stubs/-927360252/usr/local/lib/site_ruby" type="simple" />
            <root url="file://$USER_HOME$/.IntelliJIdea2019.3/system/ruby_stubs/-927360252/usr/lib/x86_64-linux-gnu/ruby/vendor_ruby/2.4.0" type="simple" />
            <root url="file://$USER_HOME$/.IntelliJIdea2019.3/system/ruby_stubs/-927360252/usr/lib/ruby/vendor_ruby" type="simple" />
            <root url="file://$USER_HOME$/.IntelliJIdea2019.3/system/ruby_stubs/-927360252/usr/lib/ruby/2.4.0" type="simple" />
            <root url="file://$USER_HOME$/.IntelliJIdea2019.3/system/ruby_stubs/-927360252/usr/lib/x86_64-linux-gnu/ruby/2.4.0" type="simple" />
            <root url="file://$APPLICATION_PLUGINS_DIR$/ruby/rubystubs/rubystubs24" type="simple" />
          </root>
        </classPath>
        <javadocPath>
          <root type="composite" />
        </javadocPath>
        <sourcePath>
          <root type="composite">
            <root url="file://$USER_HOME$/.IntelliJIdea2019.3/system/ruby_stubs/-927360252/usr/lib/ruby/gems/2.4.0/gems" type="simple" />
            <root url="file://$USER_HOME$/.IntelliJIdea2019.3/system/ruby_stubs/-927360252/var/lib/gems/2.4.0/gems" type="simple" />
            <root url="file://$USER_HOME$/.IntelliJIdea2019.3/system/ruby_stubs/-927360252/home/ubuntu/.gem/ruby/2.4.0/gems" type="simple" />
            <root url="file://$USER_HOME$/.IntelliJIdea2019.3/system/ruby_stubs/-927360252/usr/lib/x86_64-linux-gnu/rubygems-integration/2.4.0/gems" type="simple" />
            <root url="file://$USER_HOME$/.IntelliJIdea2019.3/system/ruby_stubs/-927360252/usr/share/rubygems-integration/2.4.0/gems" type="simple" />
            <root url="file://$USER_HOME$/.IntelliJIdea2019.3/system/ruby_stubs/-927360252/usr/share/rubygems-integration/all/gems" type="simple" />
            <root url="file://$USER_HOME$/.IntelliJIdea2019.3/system/ruby_stubs/-927360252/usr/local/lib/x86_64-linux-gnu/site_ruby" type="simple" />
            <root url="file://$USER_HOME$/.IntelliJIdea2019.3/system/ruby_stubs/-927360252/usr/local/lib/site_ruby" type="simple" />
            <root url="file://$USER_HOME$/.IntelliJIdea2019.3/system/ruby_stubs/-927360252/usr/lib/x86_64-linux-gnu/ruby/vendor_ruby/2.4.0" type="simple" />
            <root url="file://$USER_HOME$/.IntelliJIdea2019.3/system/ruby_stubs/-927360252/usr/lib/ruby/vendor_ruby" type="simple" />
            <root url="file://$USER_HOME$/.IntelliJIdea2019.3/system/ruby_stubs/-927360252/usr/lib/ruby/2.4.0" type="simple" />
            <root url="file://$USER_HOME$/.IntelliJIdea2019.3/system/ruby_stubs/-927360252/usr/lib/x86_64-linux-gnu/ruby/2.4.0" type="simple" />
            <root url="file://$APPLICATION_PLUGINS_DIR$/ruby/rubystubs/rubystubs24" type="simple" />
          </root>
        </sourcePath>
      </roots>
      <additional NORMALIZED_VERSION_STRING="ver.2.4.5p335 ( revision 65137) p335" version="1" GEMS_BIN_DIR_PATH="$USER_HOME$/.IntelliJIdea2019.3/system/ruby_stubs/-927360252/usr/local/bin" DATA-VERSION="2" VAGRANT_FOLDER="$USER_HOME$/CARTO/dev" INTERPRETER_PATH="/usr/bin/ruby" HELPERS_PATH="/home/ubuntu/.rubymine_helpers" INITIALIZED="false" VALID="true" RUN_AS_ROOT_VIA_SUDO="false" AVAILABLE_FOR_NEW_PROJECTS="false">
        <VERSION_MANAGER ID="system" />
        <RbConfig>
          <item key="AR" value="ar" />
          <item key="ARFLAGS" value="rcD " />
          <item key="AS" value="as" />
          <item key="ASMEXT" value="S" />
          <item key="BUILTIN_TRANSSRCS" value=" enc/trans/newline.c" />
          <item key="CC" value="gcc" />
          <item key="CCDLFLAGS" value="-fPIC" />
          <item key="CC_VERSION" value="gcc --version" />
          <item key="CC_VERSION_MESSAGE" value="gcc (Ubuntu 5.4.0-6ubuntu1~16.04.11) 5.4.0 20160609&#10;Copyright (C) 2015 Free Software Foundation, Inc.&#10;This is free software; see the source for copying conditions.  There is NO&#10;warranty; not even for MERCHANTABILITY or FITNESS FOR A PARTICULAR PURPOSE." />
          <item key="CFLAGS" value="-g -O2 -fstack-protector-strong -Wformat -Werror=format-security -fPIC" />
          <item key="CHDIR" value="cd -P" />
          <item key="CONFIGURE" value="configure" />
          <item key="COUTFLAG" value="-o " />
          <item key="CP" value="cp" />
          <item key="CPP" value="gcc -E" />
          <item key="CPPFLAGS" value="-Wdate-time -D_FORTIFY_SOURCE=2  " />
          <item key="CPPOUTFILE" value="-o conftest.i" />
          <item key="CROSS_COMPILING" value="no" />
          <item key="CXX" value="g++" />
          <item key="CXXFLAGS" value="-g -O2 -fstack-protector-strong -Wformat -Werror=format-security" />
          <item key="DLDFLAGS" value="-Wl,-Bsymbolic-functions -Wl,-z,relro -L/build/ruby2.4-k7uRKV/ruby2.4-2.4.5/debian/lib -Wl,--compress-debug-sections=zlib" />
          <item key="DLDLIBS" value=" -lc" />
          <item key="DLEXT" value="so" />
          <item key="DLNOBJ" value="dln.o" />
          <item key="ECHO_N" value="-n" />
          <item key="EGREP" value="/bin/grep -E" />
          <item key="ENABLE_SHARED" value="yes" />
          <item key="EXTOUT" value=".ext" />
          <item key="GCC" value="yes" />
          <item key="GNU_LD" value="yes" />
          <item key="GREP" value="/bin/grep" />
          <item key="INSTALL" value="/usr/bin/install -c" />
          <item key="INSTALL_DATA" value="/usr/bin/install -c -m 644" />
          <item key="INSTALL_PROGRAM" value="/usr/bin/install -c" />
          <item key="INSTALL_SCRIPT" value="/usr/bin/install -c" />
          <item key="INSTALL_STATIC_LIBRARY" value="yes" />
          <item key="LD" value="ld" />
          <item key="LDFLAGS" value="-L. -Wl,-Bsymbolic-functions -Wl,-z,relro -L/build/ruby2.4-k7uRKV/ruby2.4-2.4.5/debian/lib -fstack-protector -rdynamic -Wl,-export-dynamic" />
          <item key="LDSHARED" value="gcc -shared" />
          <item key="LDSHAREDXX" value="g++ -shared" />
          <item key="LIBEXT" value="a" />
          <item key="LIBPATHENV" value="LD_LIBRARY_PATH" />
          <item key="LIBPATHFLAG" value=" -L%s" />
          <item key="LIBRUBY" value="libruby-2.4.so.2.4.5" />
          <item key="LIBRUBYARG" value="-lruby-2.4" />
          <item key="LIBRUBYARG_SHARED" value="-lruby-2.4" />
          <item key="LIBRUBYARG_STATIC" value="-lruby-2.4-static" />
          <item key="LIBRUBY_A" value="libruby-2.4-static.a" />
          <item key="LIBRUBY_ALIASES" value="libruby-2.4.so.2.4 libruby-2.4.so" />
          <item key="LIBRUBY_RELATIVE" value="no" />
          <item key="LIBRUBY_SO" value="libruby-2.4.so.2.4.5" />
          <item key="LIBS" value="-lpthread -lgmp -ldl -lcrypt -lm " />
          <item key="LN_S" value="ln -s" />
          <item key="MAJOR" value="2" />
          <item key="MAKEDIRS" value="/bin/mkdir -p" />
          <item key="MAKEFILES" value="Makefile GNUmakefile" />
          <item key="MANTYPE" value="doc" />
          <item key="MINOR" value="4" />
          <item key="MKDIR_P" value="/bin/mkdir -p" />
          <item key="NM" value="nm" />
          <item key="NROFF" value="/usr/bin/nroff" />
          <item key="NULLCMD" value=":" />
          <item key="OBJCOPY" value=":" />
          <item key="OBJDUMP" value="objdump" />
          <item key="OBJEXT" value="o" />
          <item key="OUTFLAG" value="-o " />
          <item key="PACKAGE" value="ruby" />
          <item key="PATCHLEVEL" value="335" />
          <item key="PATH_SEPARATOR" value=":" />
          <item key="POSTLINK" value=":" />
          <item key="PRELOADENV" value="LD_PRELOAD" />
          <item key="PREP" value="miniruby" />
          <item key="RANLIB" value="ranlib" />
          <item key="RI_BASE_NAME" value="ri" />
          <item key="RM" value="rm -f" />
          <item key="RMALL" value="rm -fr" />
          <item key="RMDIR" value="rmdir --ignore-fail-on-non-empty" />
          <item key="RMDIRS" value="rmdir --ignore-fail-on-non-empty -p" />
          <item key="RUBYW_BASE_NAME" value="rubyw" />
          <item key="RUBY_BASE_NAME" value="ruby" />
          <item key="RUBY_EXEC_PREFIX" value="/usr" />
          <item key="RUBY_INSTALL_NAME" value="ruby2.4" />
          <item key="RUBY_LIB_VERSION_STYLE" value="3&#9;/* full */" />
          <item key="RUBY_PROGRAM_VERSION" value="2.4.5" />
          <item key="RUBY_SO_NAME" value="ruby-2.4" />
          <item key="RUBY_VERSION_NAME" value="ruby-2.4.0" />
          <item key="SHELL" value="/bin/bash" />
          <item key="SOLIBS" value="-lpthread -lgmp -ldl -lcrypt -lm " />
          <item key="STRIP" value="strip -S -x" />
          <item key="TEENY" value="5" />
          <item key="TEST_RUNNABLE" value="yes" />
          <item key="THREAD_MODEL" value="pthread" />
          <item key="UNICODE_VERSION" value="9.0.0" />
          <item key="USE_RUBYGEMS" value="YES" />
          <item key="WERRORFLAG" value="-Werror" />
          <item key="arch" value="x86_64-linux-gnu" />
          <item key="archdir" value="/usr/lib/x86_64-linux-gnu/ruby/2.4.0" />
          <item key="archincludedir" value="/usr/include/x86_64-linux-gnu" />
          <item key="archlibdir" value="/usr/lib/x86_64-linux-gnu" />
          <item key="bindir" value="/usr/bin" />
          <item key="build" value="x86_64-pc-linux-gnu" />
          <item key="build_alias" value="x86_64-linux-gnu" />
          <item key="build_cpu" value="x86_64" />
          <item key="build_os" value="linux-gnu" />
          <item key="build_vendor" value="pc" />
          <item key="cflags" value="-O3 -fno-fast-math -ggdb3 -Wall -Wextra -Wno-unused-parameter -Wno-parentheses -Wno-long-long -Wno-missing-field-initializers -Wno-tautological-compare -Wno-parentheses-equality -Wno-constant-logical-operand -Wno-self-assign -Wunused-variable -Wimplicit-int -Wpointer-arith -Wwrite-strings -Wdeclaration-after-statement -Wimplicit-function-declaration -Wdeprecated-declarations -Wno-packed-bitfield-compat -Wsuggest-attribute=noreturn -Wsuggest-attribute=format -Wno-maybe-uninitialized" />
          <item key="configure_args" value=" '--build=x86_64-linux-gnu' '--prefix=/usr' '--includedir=${prefix}/include' '--mandir=${prefix}/share/man' '--infodir=${prefix}/share/info' '--sysconfdir=/etc' '--localstatedir=/var' '--disable-silent-rules' '--libexecdir=${prefix}/lib/ruby2.4' '--disable-maintainer-mode' '--disable-dependency-tracking' '--enable-multiarch' '--target=x86_64-linux-gnu' '--program-suffix=2.4' '--with-soname=ruby-2.4' '--enable-shared' '--enable-install-static-library' '--disable-rpath' '--with-baseruby=/usr/bin/ruby' '--with-sitedir=/usr/local/lib/site_ruby' '--with-sitearchdir=/usr/local/lib/x86_64-linux-gnu/site_ruby' '--enable-ipv6' '--with-dbm-type=gdbm_compat' 'CFLAGS=-g -O2 -fstack-protector-strong -Wformat -Werror=format-security' 'CPPFLAGS=-Wdate-time -D_FORTIFY_SOURCE=2' 'CXXFLAGS=-g -O2 -fstack-protector-strong -Wformat -Werror=format-security' 'FCFLAGS=-g -O2 -fstack-protector-strong' 'FFLAGS=-g -O2 -fstack-protector-strong' 'GCJFLAGS=-g -O2 -fstack-protector-strong' 'LDFLAGS=-Wl,-Bsymbolic-functions -Wl,-z,relro -L/build/ruby2.4-k7uRKV/ruby2.4-2.4.5/debian/lib' 'OBJCFLAGS=-g -O2 -fstack-protector-strong -Wformat -Werror=format-security' 'OBJCXXFLAGS=-g -O2 -fstack-protector-strong -Wformat -Werror=format-security' 'build_alias=x86_64-linux-gnu' 'target_alias=x86_64-linux-gnu'" />
          <item key="cxxflags" value="-O3 -fno-fast-math -ggdb3 -Wall -Wextra -Wno-unused-parameter -Wno-parentheses -Wno-long-long -Wno-missing-field-initializers -Wno-tautological-compare -Wno-parentheses-equality -Wno-constant-logical-operand -Wno-self-assign -Wunused-variable -Wimplicit-int -Wpointer-arith -Wwrite-strings -Wdeclaration-after-statement -Wimplicit-function-declaration -Wdeprecated-declarations -Wno-packed-bitfield-compat -Wsuggest-attribute=noreturn -Wsuggest-attribute=format -Wno-maybe-uninitialized" />
          <item key="datadir" value="/usr/share" />
          <item key="datarootdir" value="/usr/share" />
          <item key="debugflags" value="-ggdb3" />
          <item key="docdir" value="/usr/share/doc/ruby" />
          <item key="dvidir" value="/usr/share/doc/ruby" />
          <item key="exec" value="exec" />
          <item key="exec_prefix" value="/usr" />
          <item key="host" value="x86_64-pc-linux-gnu" />
          <item key="host_cpu" value="x86_64" />
          <item key="host_os" value="linux-gnu" />
          <item key="host_vendor" value="pc" />
          <item key="htmldir" value="/usr/share/doc/ruby" />
          <item key="includedir" value="/usr/include" />
          <item key="infodir" value="/usr/share/info" />
          <item key="libdir" value="/usr/lib" />
          <item key="libdirname" value="archlibdir" />
          <item key="libexecdir" value="/usr/lib/ruby2.4" />
          <item key="localedir" value="/usr/share/locale" />
          <item key="localstatedir" value="/var" />
          <item key="mandir" value="/usr/share/man" />
          <item key="oldincludedir" value="/usr/include" />
          <item key="optflags" value="-O3 -fno-fast-math" />
          <item key="pdfdir" value="/usr/share/doc/ruby" />
          <item key="prefix" value="/usr" />
          <item key="program_transform_name" value="s&amp;$&amp;2.4&amp;;s&amp;^&amp;&amp;" />
          <item key="psdir" value="/usr/share/doc/ruby" />
          <item key="ridir" value="/usr/share/ri" />
          <item key="ruby_install_name" value="ruby2.4" />
          <item key="ruby_pc" value="ruby-2.4.pc" />
          <item key="ruby_version" value="2.4.0" />
          <item key="rubyarchdir" value="/usr/lib/x86_64-linux-gnu/ruby/2.4.0" />
          <item key="rubyarchhdrdir" value="/usr/include/x86_64-linux-gnu/ruby-2.4.0" />
          <item key="rubyarchprefix" value="/usr/lib/x86_64-linux-gnu/ruby" />
          <item key="rubyhdrdir" value="/usr/include/ruby-2.4.0" />
          <item key="rubylibdir" value="/usr/lib/ruby/2.4.0" />
          <item key="rubylibprefix" value="/usr/lib/ruby" />
          <item key="rubysitearchprefix" value="/usr/lib/x86_64-linux-gnu/ruby" />
          <item key="runstatedir" value="/var/run" />
          <item key="sbindir" value="/usr/sbin" />
          <item key="setup" value="Setup" />
          <item key="sharedstatedir" value="/usr/com" />
          <item key="sitearch" value="x86_64-linux-gnu" />
          <item key="sitearchdir" value="/usr/local/lib/x86_64-linux-gnu/site_ruby" />
          <item key="sitearchhdrdir" value="/usr/include/x86_64-linux-gnu/ruby-2.4.0/site_ruby" />
          <item key="sitearchincludedir" value="/usr/include/x86_64-linux-gnu" />
          <item key="sitearchlibdir" value="/usr/lib/x86_64-linux-gnu" />
          <item key="sitedir" value="/usr/local/lib/site_ruby" />
          <item key="sitehdrdir" value="/usr/include/ruby-2.4.0/site_ruby" />
          <item key="sitelibdir" value="/usr/local/lib/site_ruby/2.4.0" />
          <item key="strict_warnflags" value="-std=gnu99" />
          <item key="sysconfdir" value="/etc" />
          <item key="target" value="x86_64-pc-linux-gnu" />
          <item key="target_alias" value="x86_64-linux-gnu" />
          <item key="target_cpu" value="x86_64" />
          <item key="target_os" value="linux-gnu" />
          <item key="target_vendor" value="pc" />
          <item key="topdir" value="/usr/lib/x86_64-linux-gnu/ruby/2.4.0" />
          <item key="vendorarchdir" value="/usr/lib/x86_64-linux-gnu/ruby/vendor_ruby/2.4.0" />
          <item key="vendorarchhdrdir" value="/usr/include/x86_64-linux-gnu/ruby-2.4.0/vendor_ruby" />
          <item key="vendordir" value="/usr/lib/ruby/vendor_ruby" />
          <item key="vendorhdrdir" value="/usr/include/ruby-2.4.0/vendor_ruby" />
          <item key="vendorlibdir" value="/usr/lib/ruby/vendor_ruby/2.4.0" />
          <item key="warnflags" value="-Wall -Wextra -Wno-unused-parameter -Wno-parentheses -Wno-long-long -Wno-missing-field-initializers -Wno-tautological-compare -Wno-parentheses-equality -Wno-constant-logical-operand -Wno-self-assign -Wunused-variable -Wimplicit-int -Wpointer-arith -Wwrite-strings -Wdeclaration-after-statement -Wimplicit-function-declaration -Wdeprecated-declarations -Wno-packed-bitfield-compat -Wsuggest-attribute=noreturn -Wsuggest-attribute=format -Wno-maybe-uninitialized" />
        </RbConfig>
        <GEMS_ROOTS_URLS_ROOT GEMS_ROOTS_URL="file://$USER_HOME$/.IntelliJIdea2019.3/system/ruby_stubs/-927360252/usr/lib/ruby/gems/2.4.0/gems" />
        <GEMS_ROOTS_URLS_ROOT GEMS_ROOTS_URL="file://$USER_HOME$/.IntelliJIdea2019.3/system/ruby_stubs/-927360252/usr/lib/ruby/gems/2.4.0/bundler/gems" />
        <GEMS_ROOTS_URLS_ROOT GEMS_ROOTS_URL="file://$USER_HOME$/.IntelliJIdea2019.3/system/ruby_stubs/-927360252/var/lib/gems/2.4.0/gems" />
        <GEMS_ROOTS_URLS_ROOT GEMS_ROOTS_URL="file://$USER_HOME$/.IntelliJIdea2019.3/system/ruby_stubs/-927360252/var/lib/gems/2.4.0/bundler/gems" />
        <GEMS_ROOTS_URLS_ROOT GEMS_ROOTS_URL="file://$USER_HOME$/.IntelliJIdea2019.3/system/ruby_stubs/-927360252/home/ubuntu/.gem/ruby/2.4.0/gems" />
        <GEMS_ROOTS_URLS_ROOT GEMS_ROOTS_URL="file://$USER_HOME$/.IntelliJIdea2019.3/system/ruby_stubs/-927360252/home/ubuntu/.gem/ruby/2.4.0/bundler/gems" />
        <GEMS_ROOTS_URLS_ROOT GEMS_ROOTS_URL="file://$USER_HOME$/.IntelliJIdea2019.3/system/ruby_stubs/-927360252/usr/lib/x86_64-linux-gnu/rubygems-integration/2.4.0/gems" />
        <GEMS_ROOTS_URLS_ROOT GEMS_ROOTS_URL="file://$USER_HOME$/.IntelliJIdea2019.3/system/ruby_stubs/-927360252/usr/lib/x86_64-linux-gnu/rubygems-integration/2.4.0/bundler/gems" />
        <GEMS_ROOTS_URLS_ROOT GEMS_ROOTS_URL="file://$USER_HOME$/.IntelliJIdea2019.3/system/ruby_stubs/-927360252/usr/share/rubygems-integration/2.4.0/gems" />
        <GEMS_ROOTS_URLS_ROOT GEMS_ROOTS_URL="file://$USER_HOME$/.IntelliJIdea2019.3/system/ruby_stubs/-927360252/usr/share/rubygems-integration/2.4.0/bundler/gems" />
        <GEMS_ROOTS_URLS_ROOT GEMS_ROOTS_URL="file://$USER_HOME$/.IntelliJIdea2019.3/system/ruby_stubs/-927360252/usr/share/rubygems-integration/all/gems" />
        <GEMS_ROOTS_URLS_ROOT GEMS_ROOTS_URL="file://$USER_HOME$/.IntelliJIdea2019.3/system/ruby_stubs/-927360252/usr/share/rubygems-integration/all/bundler/gems" />
        <PathMappingSettings>
          <option name="pathMappings">
            <list>
              <mapping local-root="$USER_HOME$/.IntelliJIdea2019.3/system/ruby_stubs/-927360252/usr/lib/ruby/gems/2.4.0/bin" remote-root="/usr/lib/ruby/gems/2.4.0/bin" />
              <mapping local-root="$USER_HOME$/.IntelliJIdea2019.3/system/ruby_stubs/-927360252/usr/lib/ruby/gems/2.4.0/gems" remote-root="/usr/lib/ruby/gems/2.4.0/gems" />
              <mapping local-root="$USER_HOME$/.IntelliJIdea2019.3/system/ruby_stubs/-927360252/usr/lib/ruby/gems/2.4.0/specifications" remote-root="/usr/lib/ruby/gems/2.4.0/specifications" />
              <mapping local-root="$USER_HOME$/.IntelliJIdea2019.3/system/ruby_stubs/-927360252/usr/lib/ruby/gems/2.4.0/bundler" remote-root="/usr/lib/ruby/gems/2.4.0/bundler" />
              <mapping local-root="$USER_HOME$/.IntelliJIdea2019.3/system/ruby_stubs/-927360252/var/lib/gems/2.4.0/bin" remote-root="/var/lib/gems/2.4.0/bin" />
              <mapping local-root="$USER_HOME$/.IntelliJIdea2019.3/system/ruby_stubs/-927360252/var/lib/gems/2.4.0/gems" remote-root="/var/lib/gems/2.4.0/gems" />
              <mapping local-root="$USER_HOME$/.IntelliJIdea2019.3/system/ruby_stubs/-927360252/var/lib/gems/2.4.0/specifications" remote-root="/var/lib/gems/2.4.0/specifications" />
              <mapping local-root="$USER_HOME$/.IntelliJIdea2019.3/system/ruby_stubs/-927360252/var/lib/gems/2.4.0/bundler" remote-root="/var/lib/gems/2.4.0/bundler" />
              <mapping local-root="$USER_HOME$/.IntelliJIdea2019.3/system/ruby_stubs/-927360252/home/ubuntu/.gem/ruby/2.4.0/bin" remote-root="/home/ubuntu/.gem/ruby/2.4.0/bin" />
              <mapping local-root="$USER_HOME$/.IntelliJIdea2019.3/system/ruby_stubs/-927360252/home/ubuntu/.gem/ruby/2.4.0/gems" remote-root="/home/ubuntu/.gem/ruby/2.4.0/gems" />
              <mapping local-root="$USER_HOME$/.IntelliJIdea2019.3/system/ruby_stubs/-927360252/home/ubuntu/.gem/ruby/2.4.0/specifications" remote-root="/home/ubuntu/.gem/ruby/2.4.0/specifications" />
              <mapping local-root="$USER_HOME$/.IntelliJIdea2019.3/system/ruby_stubs/-927360252/home/ubuntu/.gem/ruby/2.4.0/bundler" remote-root="/home/ubuntu/.gem/ruby/2.4.0/bundler" />
              <mapping local-root="$USER_HOME$/.IntelliJIdea2019.3/system/ruby_stubs/-927360252/usr/lib/x86_64-linux-gnu/rubygems-integration/2.4.0/bin" remote-root="/usr/lib/x86_64-linux-gnu/rubygems-integration/2.4.0/bin" />
              <mapping local-root="$USER_HOME$/.IntelliJIdea2019.3/system/ruby_stubs/-927360252/usr/lib/x86_64-linux-gnu/rubygems-integration/2.4.0/gems" remote-root="/usr/lib/x86_64-linux-gnu/rubygems-integration/2.4.0/gems" />
              <mapping local-root="$USER_HOME$/.IntelliJIdea2019.3/system/ruby_stubs/-927360252/usr/lib/x86_64-linux-gnu/rubygems-integration/2.4.0/specifications" remote-root="/usr/lib/x86_64-linux-gnu/rubygems-integration/2.4.0/specifications" />
              <mapping local-root="$USER_HOME$/.IntelliJIdea2019.3/system/ruby_stubs/-927360252/usr/lib/x86_64-linux-gnu/rubygems-integration/2.4.0/bundler" remote-root="/usr/lib/x86_64-linux-gnu/rubygems-integration/2.4.0/bundler" />
              <mapping local-root="$USER_HOME$/.IntelliJIdea2019.3/system/ruby_stubs/-927360252/usr/share/rubygems-integration/2.4.0/bin" remote-root="/usr/share/rubygems-integration/2.4.0/bin" />
              <mapping local-root="$USER_HOME$/.IntelliJIdea2019.3/system/ruby_stubs/-927360252/usr/share/rubygems-integration/2.4.0/gems" remote-root="/usr/share/rubygems-integration/2.4.0/gems" />
              <mapping local-root="$USER_HOME$/.IntelliJIdea2019.3/system/ruby_stubs/-927360252/usr/share/rubygems-integration/2.4.0/specifications" remote-root="/usr/share/rubygems-integration/2.4.0/specifications" />
              <mapping local-root="$USER_HOME$/.IntelliJIdea2019.3/system/ruby_stubs/-927360252/usr/share/rubygems-integration/2.4.0/bundler" remote-root="/usr/share/rubygems-integration/2.4.0/bundler" />
              <mapping local-root="$USER_HOME$/.IntelliJIdea2019.3/system/ruby_stubs/-927360252/usr/share/rubygems-integration/all/bin" remote-root="/usr/share/rubygems-integration/all/bin" />
              <mapping local-root="$USER_HOME$/.IntelliJIdea2019.3/system/ruby_stubs/-927360252/usr/share/rubygems-integration/all/gems" remote-root="/usr/share/rubygems-integration/all/gems" />
              <mapping local-root="$USER_HOME$/.IntelliJIdea2019.3/system/ruby_stubs/-927360252/usr/share/rubygems-integration/all/specifications" remote-root="/usr/share/rubygems-integration/all/specifications" />
              <mapping local-root="$USER_HOME$/.IntelliJIdea2019.3/system/ruby_stubs/-927360252/usr/share/rubygems-integration/all/bundler" remote-root="/usr/share/rubygems-integration/all/bundler" />
              <mapping local-root="$USER_HOME$/.IntelliJIdea2019.3/system/ruby_stubs/-927360252/usr/local/bin" remote-root="/usr/local/bin" />
              <mapping local-root="$USER_HOME$/.IntelliJIdea2019.3/system/ruby_stubs/-927360252/usr/bin" remote-root="/usr/bin" />
              <mapping local-root="$USER_HOME$/.IntelliJIdea2019.3/system/ruby_stubs/-927360252/usr/bin" remote-root="/usr/bin" />
              <mapping local-root="$USER_HOME$/.IntelliJIdea2019.3/system/ruby_stubs/-927360252/home/esloho/.IntelliJIdea2019.3/system/ruby_stubs/-927360252/usr/lib/ruby/gems/2.4.0/bin" remote-root="/home/esloho/.IntelliJIdea2019.3/system/ruby_stubs/-927360252/usr/lib/ruby/gems/2.4.0/bin" />
              <mapping local-root="$USER_HOME$/.IntelliJIdea2019.3/system/ruby_stubs/-927360252/home/esloho/.IntelliJIdea2019.3/system/ruby_stubs/-927360252/var/lib/gems/2.4.0/bin" remote-root="/home/esloho/.IntelliJIdea2019.3/system/ruby_stubs/-927360252/var/lib/gems/2.4.0/bin" />
              <mapping local-root="$USER_HOME$/.IntelliJIdea2019.3/system/ruby_stubs/-927360252/home/esloho/.IntelliJIdea2019.3/system/ruby_stubs/-927360252/home/ubuntu/.gem/ruby/2.4.0/bin" remote-root="/home/esloho/.IntelliJIdea2019.3/system/ruby_stubs/-927360252/home/ubuntu/.gem/ruby/2.4.0/bin" />
              <mapping local-root="$USER_HOME$/.IntelliJIdea2019.3/system/ruby_stubs/-927360252/home/esloho/.IntelliJIdea2019.3/system/ruby_stubs/-927360252/usr/lib/x86_64-linux-gnu/rubygems-integration/2.4.0/bin" remote-root="/home/esloho/.IntelliJIdea2019.3/system/ruby_stubs/-927360252/usr/lib/x86_64-linux-gnu/rubygems-integration/2.4.0/bin" />
              <mapping local-root="$USER_HOME$/.IntelliJIdea2019.3/system/ruby_stubs/-927360252/home/esloho/.IntelliJIdea2019.3/system/ruby_stubs/-927360252/usr/share/rubygems-integration/2.4.0/bin" remote-root="/home/esloho/.IntelliJIdea2019.3/system/ruby_stubs/-927360252/usr/share/rubygems-integration/2.4.0/bin" />
              <mapping local-root="$USER_HOME$/.IntelliJIdea2019.3/system/ruby_stubs/-927360252/home/esloho/.IntelliJIdea2019.3/system/ruby_stubs/-927360252/usr/share/rubygems-integration/all/bin" remote-root="/home/esloho/.IntelliJIdea2019.3/system/ruby_stubs/-927360252/usr/share/rubygems-integration/all/bin" />
              <mapping local-root="$USER_HOME$/.IntelliJIdea2019.3/system/ruby_stubs/-927360252/usr/local/sbin" remote-root="/usr/local/sbin" />
              <mapping local-root="$USER_HOME$/.IntelliJIdea2019.3/system/ruby_stubs/-927360252/usr/local/bin" remote-root="/usr/local/bin" />
              <mapping local-root="$USER_HOME$/.IntelliJIdea2019.3/system/ruby_stubs/-927360252/usr/sbin" remote-root="/usr/sbin" />
              <mapping local-root="$USER_HOME$/.IntelliJIdea2019.3/system/ruby_stubs/-927360252/usr/bin" remote-root="/usr/bin" />
              <mapping local-root="$USER_HOME$/.IntelliJIdea2019.3/system/ruby_stubs/-927360252/sbin" remote-root="/sbin" />
              <mapping local-root="$USER_HOME$/.IntelliJIdea2019.3/system/ruby_stubs/-927360252/bin" remote-root="/bin" />
              <mapping local-root="$USER_HOME$/.IntelliJIdea2019.3/system/ruby_stubs/-927360252/usr/games" remote-root="/usr/games" />
              <mapping local-root="$USER_HOME$/.IntelliJIdea2019.3/system/ruby_stubs/-927360252/usr/local/games" remote-root="/usr/local/games" />
              <mapping local-root="$USER_HOME$/.IntelliJIdea2019.3/system/ruby_stubs/-927360252/usr/local/lib/x86_64-linux-gnu/site_ruby" remote-root="/usr/local/lib/x86_64-linux-gnu/site_ruby" />
              <mapping local-root="$USER_HOME$/.IntelliJIdea2019.3/system/ruby_stubs/-927360252/usr/local/lib/site_ruby" remote-root="/usr/local/lib/site_ruby" />
              <mapping local-root="$USER_HOME$/.IntelliJIdea2019.3/system/ruby_stubs/-927360252/usr/lib/x86_64-linux-gnu/ruby/vendor_ruby/2.4.0" remote-root="/usr/lib/x86_64-linux-gnu/ruby/vendor_ruby/2.4.0" />
              <mapping local-root="$USER_HOME$/.IntelliJIdea2019.3/system/ruby_stubs/-927360252/usr/lib/ruby/vendor_ruby" remote-root="/usr/lib/ruby/vendor_ruby" />
              <mapping local-root="$USER_HOME$/.IntelliJIdea2019.3/system/ruby_stubs/-927360252/usr/lib/ruby/2.4.0" remote-root="/usr/lib/ruby/2.4.0" />
              <mapping local-root="$USER_HOME$/.IntelliJIdea2019.3/system/ruby_stubs/-927360252/usr/lib/x86_64-linux-gnu/ruby/2.4.0" remote-root="/usr/lib/x86_64-linux-gnu/ruby/2.4.0" />
            </list>
          </option>
        </PathMappingSettings>
        <PathMappingSettings>
          <option name="pathMappings">
            <list>
              <mapping local-root="$USER_HOME$/.IntelliJIdea2019.3/system/ruby_stubs/-927360252/usr/lib/ruby/gems/2.4.0/bin" remote-root="/usr/lib/ruby/gems/2.4.0/bin" />
              <mapping local-root="$USER_HOME$/.IntelliJIdea2019.3/system/ruby_stubs/-927360252/usr/lib/ruby/gems/2.4.0/gems" remote-root="/usr/lib/ruby/gems/2.4.0/gems" />
              <mapping local-root="$USER_HOME$/.IntelliJIdea2019.3/system/ruby_stubs/-927360252/usr/lib/ruby/gems/2.4.0/specifications" remote-root="/usr/lib/ruby/gems/2.4.0/specifications" />
              <mapping local-root="$USER_HOME$/.IntelliJIdea2019.3/system/ruby_stubs/-927360252/usr/lib/ruby/gems/2.4.0/bundler" remote-root="/usr/lib/ruby/gems/2.4.0/bundler" />
              <mapping local-root="$USER_HOME$/.IntelliJIdea2019.3/system/ruby_stubs/-927360252/var/lib/gems/2.4.0/bin" remote-root="/var/lib/gems/2.4.0/bin" />
              <mapping local-root="$USER_HOME$/.IntelliJIdea2019.3/system/ruby_stubs/-927360252/var/lib/gems/2.4.0/gems" remote-root="/var/lib/gems/2.4.0/gems" />
              <mapping local-root="$USER_HOME$/.IntelliJIdea2019.3/system/ruby_stubs/-927360252/var/lib/gems/2.4.0/specifications" remote-root="/var/lib/gems/2.4.0/specifications" />
              <mapping local-root="$USER_HOME$/.IntelliJIdea2019.3/system/ruby_stubs/-927360252/var/lib/gems/2.4.0/bundler" remote-root="/var/lib/gems/2.4.0/bundler" />
              <mapping local-root="$USER_HOME$/.IntelliJIdea2019.3/system/ruby_stubs/-927360252/home/ubuntu/.gem/ruby/2.4.0/bin" remote-root="/home/ubuntu/.gem/ruby/2.4.0/bin" />
              <mapping local-root="$USER_HOME$/.IntelliJIdea2019.3/system/ruby_stubs/-927360252/home/ubuntu/.gem/ruby/2.4.0/gems" remote-root="/home/ubuntu/.gem/ruby/2.4.0/gems" />
              <mapping local-root="$USER_HOME$/.IntelliJIdea2019.3/system/ruby_stubs/-927360252/home/ubuntu/.gem/ruby/2.4.0/specifications" remote-root="/home/ubuntu/.gem/ruby/2.4.0/specifications" />
              <mapping local-root="$USER_HOME$/.IntelliJIdea2019.3/system/ruby_stubs/-927360252/home/ubuntu/.gem/ruby/2.4.0/bundler" remote-root="/home/ubuntu/.gem/ruby/2.4.0/bundler" />
              <mapping local-root="$USER_HOME$/.IntelliJIdea2019.3/system/ruby_stubs/-927360252/usr/lib/x86_64-linux-gnu/rubygems-integration/2.4.0/bin" remote-root="/usr/lib/x86_64-linux-gnu/rubygems-integration/2.4.0/bin" />
              <mapping local-root="$USER_HOME$/.IntelliJIdea2019.3/system/ruby_stubs/-927360252/usr/lib/x86_64-linux-gnu/rubygems-integration/2.4.0/gems" remote-root="/usr/lib/x86_64-linux-gnu/rubygems-integration/2.4.0/gems" />
              <mapping local-root="$USER_HOME$/.IntelliJIdea2019.3/system/ruby_stubs/-927360252/usr/lib/x86_64-linux-gnu/rubygems-integration/2.4.0/specifications" remote-root="/usr/lib/x86_64-linux-gnu/rubygems-integration/2.4.0/specifications" />
              <mapping local-root="$USER_HOME$/.IntelliJIdea2019.3/system/ruby_stubs/-927360252/usr/lib/x86_64-linux-gnu/rubygems-integration/2.4.0/bundler" remote-root="/usr/lib/x86_64-linux-gnu/rubygems-integration/2.4.0/bundler" />
              <mapping local-root="$USER_HOME$/.IntelliJIdea2019.3/system/ruby_stubs/-927360252/usr/share/rubygems-integration/2.4.0/bin" remote-root="/usr/share/rubygems-integration/2.4.0/bin" />
              <mapping local-root="$USER_HOME$/.IntelliJIdea2019.3/system/ruby_stubs/-927360252/usr/share/rubygems-integration/2.4.0/gems" remote-root="/usr/share/rubygems-integration/2.4.0/gems" />
              <mapping local-root="$USER_HOME$/.IntelliJIdea2019.3/system/ruby_stubs/-927360252/usr/share/rubygems-integration/2.4.0/specifications" remote-root="/usr/share/rubygems-integration/2.4.0/specifications" />
              <mapping local-root="$USER_HOME$/.IntelliJIdea2019.3/system/ruby_stubs/-927360252/usr/share/rubygems-integration/2.4.0/bundler" remote-root="/usr/share/rubygems-integration/2.4.0/bundler" />
              <mapping local-root="$USER_HOME$/.IntelliJIdea2019.3/system/ruby_stubs/-927360252/usr/share/rubygems-integration/all/bin" remote-root="/usr/share/rubygems-integration/all/bin" />
              <mapping local-root="$USER_HOME$/.IntelliJIdea2019.3/system/ruby_stubs/-927360252/usr/share/rubygems-integration/all/gems" remote-root="/usr/share/rubygems-integration/all/gems" />
              <mapping local-root="$USER_HOME$/.IntelliJIdea2019.3/system/ruby_stubs/-927360252/usr/share/rubygems-integration/all/specifications" remote-root="/usr/share/rubygems-integration/all/specifications" />
              <mapping local-root="$USER_HOME$/.IntelliJIdea2019.3/system/ruby_stubs/-927360252/usr/share/rubygems-integration/all/bundler" remote-root="/usr/share/rubygems-integration/all/bundler" />
              <mapping local-root="$USER_HOME$/.IntelliJIdea2019.3/system/ruby_stubs/-927360252/usr/local/bin" remote-root="/usr/local/bin" />
              <mapping local-root="$USER_HOME$/.IntelliJIdea2019.3/system/ruby_stubs/-927360252/usr/bin" remote-root="/usr/bin" />
              <mapping local-root="$USER_HOME$/.IntelliJIdea2019.3/system/ruby_stubs/-927360252/usr/bin" remote-root="/usr/bin" />
              <mapping local-root="$USER_HOME$/.IntelliJIdea2019.3/system/ruby_stubs/-927360252/home/esloho/.IntelliJIdea2019.3/system/ruby_stubs/-927360252/usr/lib/ruby/gems/2.4.0/bin" remote-root="/home/esloho/.IntelliJIdea2019.3/system/ruby_stubs/-927360252/usr/lib/ruby/gems/2.4.0/bin" />
              <mapping local-root="$USER_HOME$/.IntelliJIdea2019.3/system/ruby_stubs/-927360252/home/esloho/.IntelliJIdea2019.3/system/ruby_stubs/-927360252/var/lib/gems/2.4.0/bin" remote-root="/home/esloho/.IntelliJIdea2019.3/system/ruby_stubs/-927360252/var/lib/gems/2.4.0/bin" />
              <mapping local-root="$USER_HOME$/.IntelliJIdea2019.3/system/ruby_stubs/-927360252/home/esloho/.IntelliJIdea2019.3/system/ruby_stubs/-927360252/home/ubuntu/.gem/ruby/2.4.0/bin" remote-root="/home/esloho/.IntelliJIdea2019.3/system/ruby_stubs/-927360252/home/ubuntu/.gem/ruby/2.4.0/bin" />
              <mapping local-root="$USER_HOME$/.IntelliJIdea2019.3/system/ruby_stubs/-927360252/home/esloho/.IntelliJIdea2019.3/system/ruby_stubs/-927360252/usr/lib/x86_64-linux-gnu/rubygems-integration/2.4.0/bin" remote-root="/home/esloho/.IntelliJIdea2019.3/system/ruby_stubs/-927360252/usr/lib/x86_64-linux-gnu/rubygems-integration/2.4.0/bin" />
              <mapping local-root="$USER_HOME$/.IntelliJIdea2019.3/system/ruby_stubs/-927360252/home/esloho/.IntelliJIdea2019.3/system/ruby_stubs/-927360252/usr/share/rubygems-integration/2.4.0/bin" remote-root="/home/esloho/.IntelliJIdea2019.3/system/ruby_stubs/-927360252/usr/share/rubygems-integration/2.4.0/bin" />
              <mapping local-root="$USER_HOME$/.IntelliJIdea2019.3/system/ruby_stubs/-927360252/home/esloho/.IntelliJIdea2019.3/system/ruby_stubs/-927360252/usr/share/rubygems-integration/all/bin" remote-root="/home/esloho/.IntelliJIdea2019.3/system/ruby_stubs/-927360252/usr/share/rubygems-integration/all/bin" />
              <mapping local-root="$USER_HOME$/.IntelliJIdea2019.3/system/ruby_stubs/-927360252/usr/local/sbin" remote-root="/usr/local/sbin" />
              <mapping local-root="$USER_HOME$/.IntelliJIdea2019.3/system/ruby_stubs/-927360252/usr/local/bin" remote-root="/usr/local/bin" />
              <mapping local-root="$USER_HOME$/.IntelliJIdea2019.3/system/ruby_stubs/-927360252/usr/sbin" remote-root="/usr/sbin" />
              <mapping local-root="$USER_HOME$/.IntelliJIdea2019.3/system/ruby_stubs/-927360252/usr/bin" remote-root="/usr/bin" />
              <mapping local-root="$USER_HOME$/.IntelliJIdea2019.3/system/ruby_stubs/-927360252/sbin" remote-root="/sbin" />
              <mapping local-root="$USER_HOME$/.IntelliJIdea2019.3/system/ruby_stubs/-927360252/bin" remote-root="/bin" />
              <mapping local-root="$USER_HOME$/.IntelliJIdea2019.3/system/ruby_stubs/-927360252/usr/games" remote-root="/usr/games" />
              <mapping local-root="$USER_HOME$/.IntelliJIdea2019.3/system/ruby_stubs/-927360252/usr/local/games" remote-root="/usr/local/games" />
              <mapping local-root="$USER_HOME$/.IntelliJIdea2019.3/system/ruby_stubs/-927360252/usr/local/lib/x86_64-linux-gnu/site_ruby" remote-root="/usr/local/lib/x86_64-linux-gnu/site_ruby" />
              <mapping local-root="$USER_HOME$/.IntelliJIdea2019.3/system/ruby_stubs/-927360252/usr/local/lib/site_ruby" remote-root="/usr/local/lib/site_ruby" />
              <mapping local-root="$USER_HOME$/.IntelliJIdea2019.3/system/ruby_stubs/-927360252/usr/lib/x86_64-linux-gnu/ruby/vendor_ruby/2.4.0" remote-root="/usr/lib/x86_64-linux-gnu/ruby/vendor_ruby/2.4.0" />
              <mapping local-root="$USER_HOME$/.IntelliJIdea2019.3/system/ruby_stubs/-927360252/usr/lib/ruby/vendor_ruby" remote-root="/usr/lib/ruby/vendor_ruby" />
              <mapping local-root="$USER_HOME$/.IntelliJIdea2019.3/system/ruby_stubs/-927360252/usr/lib/ruby/2.4.0" remote-root="/usr/lib/ruby/2.4.0" />
              <mapping local-root="$USER_HOME$/.IntelliJIdea2019.3/system/ruby_stubs/-927360252/usr/lib/x86_64-linux-gnu/ruby/2.4.0" remote-root="/usr/lib/x86_64-linux-gnu/ruby/2.4.0" />
            </list>
          </option>
        </PathMappingSettings>
      </additional>
    </jdk>
  </component>
</application>