<application>
  <component name="FeatureSuggesterSettings">
    <option name="workingDays">
      <list>
        <option value="1649867889479" />
        <option value="1653035351660" />
        <option value="1653384398213" />
        <option value="1653486724568" />
        <option value="1653554872121" />
        <option value="1653640332001" />
        <option value="1653899881495" />
        <option value="1653987134405" />
        <option value="1654073329126" />
        <option value="1654159572237" />
        <option value="1654247448304" />
        <option value="1654506616538" />
        <option value="1654592672953" />
        <option value="1654676635835" />
        <option value="1654759557543" />
        <option value="1654849553589" />
        <option value="1655110884039" />
        <option value="1655194917433" />
        <option value="1655280659130" />
        <option value="1655373732498" />
        <option value="1655473447161" />
        <option value="1655714919929" />
        <option value="1655762952259" />
        <option value="1655854498320" />
        <option value="1656944058128" />
      </list>
    </option>
  </component>
</application>