<application>
  <component name="FileTypeManager" version="18">
    <extensionMap>
      <mapping pattern="my_deck" type="AUTO_DETECTED" />
      <mapping pattern="temp" type="AUTO_DETECTED" />
      <mapping pattern="rerer" type="AUTO_DETECTED" />
      <mapping ext="space.kts" type="Kotlin" />
      <mapping ext="gradle.kts" type="Kotlin" />
      <mapping ext="main.kts" type="Kotlin" />
      <mapping pattern=".env.sample" type="PLAIN_TEXT" />
      <mapping pattern="meh" type="PLAIN_TEXT" />
      <mapping ext="sample" type="PLAIN_TEXT" />
      <mapping pattern="server" type="Shell Script" />
      <removed_mapping ext="apk" approved="true" type="ARCHIVE" />
      <removed_mapping ext="config" approved="true" type="LOMBOK_CONFIG" />
      <removed_mapping ext="psd" approved="true" type="Image" />
    </extensionMap>
  </component>
</application>