<application>
  <component name="FindSettings">
    <option name="customScope" value="All Places" />
    <option name="defaultScopeName" value="All Places" />
    <option name="localCaseSensitive" value="true" />
    <option name="LOCAL_CASE_SENSITIVE_SEARCH" value="true" />
    <option name="SEARCH_SCOPE" value="All Places" />
    <mask>*.py</mask>
    <mask>*.sql</mask>
    <mask>*_spec.rb</mask>
    <mask>*spec.rb</mask>
    <mask>*.js</mask>
    <mask>*.yml</mask>
    <mask>*rake_.rb</mask>
    <mask>*.rake</mask>
    <mask>*.rb</mask>
    <mask>*_test.go</mask>
    <mask>*.ex</mask>
    <mask>*.css</mask>
    <mask>*.html</mask>
    <mask>*.xml</mask>
    <mask>*.jsp</mask>
    <mask>*.properties</mask>
    <mask>*.java</mask>
    <mask>*_test.exs</mask>
  </component>
</application>