<application>
  <component name="ProjectJdkTable">
    <jdk version="2">
      <name value="Python 3.7" />
      <type value="Python SDK" />
      <version value="Python 3.7.5" />
      <homePath value="/usr/bin/python3.7" />
      <roots>
        <annotationsPath>
          <root type="composite" />
        </annotationsPath>
        <classPath>
          <root type="composite">
            <root url="file:///usr/lib/python3.7" type="simple" />
            <root url="file:///usr/lib/python3.7/lib-dynload" type="simple" />
            <root url="file://$USER_HOME$/.local/lib/python3.7/site-packages" type="simple" />
            <root url="file:///usr/local/lib/python3.7/dist-packages" type="simple" />
            <root url="file:///usr/lib/python3/dist-packages" type="simple" />
            <root url="file://$USER_HOME$/.cache/JetBrains/IntelliJIdea2020.1/python_stubs/-1247971762" type="simple" />
            <root url="file://$APPLICATION_PLUGINS_DIR$/python/helpers/python-skeletons" type="simple" />
            <root url="file://$APPLICATION_PLUGINS_DIR$/python/helpers/typeshed/stdlib/3.7" type="simple" />
            <root url="file://$APPLICATION_PLUGINS_DIR$/python/helpers/typeshed/stdlib/3" type="simple" />
            <root url="file://$APPLICATION_PLUGINS_DIR$/python/helpers/typeshed/stdlib/2and3" type="simple" />
            <root url="file://$APPLICATION_PLUGINS_DIR$/python/helpers/typeshed/third_party/3" type="simple" />
            <root url="file://$APPLICATION_PLUGINS_DIR$/python/helpers/typeshed/third_party/2and3" type="simple" />
          </root>
        </classPath>
        <javadocPath>
          <root type="composite" />
        </javadocPath>
        <sourcePath>
          <root type="composite" />
        </sourcePath>
      </roots>
      <additional />
    </jdk>
    <jdk version="2">
      <name value="Python 3.7 (mars-water-detection)" />
      <type value="Python SDK" />
      <version value="Python 3.7.5" />
      <homePath value="$USER_HOME$/playground/mars-water-detection/venv/bin/python" />
      <roots>
        <annotationsPath>
          <root type="composite" />
        </annotationsPath>
        <classPath>
          <root type="composite">
            <root url="file:///usr/lib/python3.7" type="simple" />
            <root url="file:///usr/lib/python3.7/lib-dynload" type="simple" />
            <root url="file://$USER_HOME$/playground/mars-water-detection/venv/lib/python3.7/site-packages" type="simple" />
            <root url="file://$USER_HOME$/.cache/JetBrains/IntelliJIdea2020.1/python_stubs/-19114910" type="simple" />
            <root url="file://$APPLICATION_PLUGINS_DIR$/python/helpers/python-skeletons" type="simple" />
            <root url="file://$APPLICATION_PLUGINS_DIR$/python/helpers/typeshed/stdlib/3.7" type="simple" />
            <root url="file://$APPLICATION_PLUGINS_DIR$/python/helpers/typeshed/stdlib/3" type="simple" />
            <root url="file://$APPLICATION_PLUGINS_DIR$/python/helpers/typeshed/stdlib/2and3" type="simple" />
            <root url="file://$APPLICATION_PLUGINS_DIR$/python/helpers/typeshed/third_party/3" type="simple" />
            <root url="file://$APPLICATION_PLUGINS_DIR$/python/helpers/typeshed/third_party/2and3" type="simple" />
          </root>
        </classPath>
        <javadocPath>
          <root type="composite" />
        </javadocPath>
        <sourcePath>
          <root type="composite" />
        </sourcePath>
      </roots>
      <additional />
    </jdk>
    <jdk version="2">
      <name value="rbenv: 2.7.1" />
      <type value="RUBY_SDK" />
      <version value="ver.2.7.1p83 ( revision a0c7c23c9c) p83" />
      <homePath value="$USER_HOME$/.rbenv/versions/2.7.1/bin/ruby" />
      <roots>
        <annotationsPath>
          <root type="composite" />
        </annotationsPath>
        <classPath>
          <root type="composite">
            <root url="file://$USER_HOME$/.rbenv/versions/2.7.1/lib/ruby/site_ruby/2.7.0" type="simple" />
            <root url="file://$USER_HOME$/.rbenv/versions/2.7.1/lib/ruby/site_ruby/2.7.0/x86_64-linux" type="simple" />
            <root url="file://$USER_HOME$/.rbenv/versions/2.7.1/lib/ruby/site_ruby" type="simple" />
            <root url="file://$USER_HOME$/.rbenv/versions/2.7.1/lib/ruby/vendor_ruby/2.7.0" type="simple" />
            <root url="file://$USER_HOME$/.rbenv/versions/2.7.1/lib/ruby/vendor_ruby/2.7.0/x86_64-linux" type="simple" />
            <root url="file://$USER_HOME$/.rbenv/versions/2.7.1/lib/ruby/vendor_ruby" type="simple" />
            <root url="file://$USER_HOME$/.rbenv/versions/2.7.1/lib/ruby/2.7.0" type="simple" />
            <root url="file://$USER_HOME$/.rbenv/versions/2.7.1/lib/ruby/2.7.0/x86_64-linux" type="simple" />
            <root url="file://$APPLICATION_PLUGINS_DIR$/ruby/rubystubs/rubystubs27" type="simple" />
          </root>
        </classPath>
        <javadocPath>
          <root type="composite" />
        </javadocPath>
        <sourcePath>
          <root type="composite">
            <root url="file://$USER_HOME$/.rbenv/versions/2.7.1/lib/ruby/site_ruby/2.7.0" type="simple" />
            <root url="file://$USER_HOME$/.rbenv/versions/2.7.1/lib/ruby/site_ruby/2.7.0/x86_64-linux" type="simple" />
            <root url="file://$USER_HOME$/.rbenv/versions/2.7.1/lib/ruby/site_ruby" type="simple" />
            <root url="file://$USER_HOME$/.rbenv/versions/2.7.1/lib/ruby/vendor_ruby/2.7.0" type="simple" />
            <root url="file://$USER_HOME$/.rbenv/versions/2.7.1/lib/ruby/vendor_ruby/2.7.0/x86_64-linux" type="simple" />
            <root url="file://$USER_HOME$/.rbenv/versions/2.7.1/lib/ruby/vendor_ruby" type="simple" />
            <root url="file://$USER_HOME$/.rbenv/versions/2.7.1/lib/ruby/2.7.0" type="simple" />
            <root url="file://$USER_HOME$/.rbenv/versions/2.7.1/lib/ruby/2.7.0/x86_64-linux" type="simple" />
            <root url="file://$APPLICATION_PLUGINS_DIR$/ruby/rubystubs/rubystubs27" type="simple" />
          </root>
        </sourcePath>
      </roots>
      <additional NORMALIZED_VERSION_STRING="ver.2.7.1p83 ( revision a0c7c23c9c) p83" version="1" GEMS_BIN_DIR_PATH="$USER_HOME$/.rbenv/versions/2.7.1/bin">
        <VERSION_MANAGER ID="rbenv">
          <option name="gemset-name" />
          <distribution-id>2.7.1</distribution-id>
          <version-manager-path>$USER_HOME$/.rbenv/libexec/rbenv</version-manager-path>
        </VERSION_MANAGER>
        <RbConfig>
          <item key="AR" value="ar" />
          <item key="ARFLAGS" value="rcD " />
          <item key="AS" value="as" />
          <item key="ASMEXT" value="S" />
          <item key="BUILTIN_TRANSSRCS" value=" enc/trans/newline.c" />
          <item key="CC" value="gcc" />
          <item key="CCDLFLAGS" value="-fPIC" />
          <item key="CC_VERSION" value="gcc --version" />
          <item key="CC_VERSION_MESSAGE" value="gcc (Ubuntu 9.2.1-9ubuntu2) 9.2.1 20191008&#10;Copyright (C) 2019 Free Software Foundation, Inc.&#10;This is free software; see the source for copying conditions.  There is NO&#10;warranty; not even for MERCHANTABILITY or FITNESS FOR A PARTICULAR PURPOSE." />
          <item key="CFLAGS" value="-O3 -ggdb3 -Wall -Wextra -Wdeprecated-declarations -Wduplicated-cond -Wimplicit-function-declaration -Wimplicit-int -Wmisleading-indentation -Wpointer-arith -Wwrite-strings -Wimplicit-fallthrough=0 -Wmissing-noreturn -Wno-cast-function-type -Wno-constant-logical-operand -Wno-long-long -Wno-missing-field-initializers -Wno-overlength-strings -Wno-packed-bitfield-compat -Wno-parentheses-equality -Wno-self-assign -Wno-tautological-compare -Wno-unused-parameter -Wno-unused-value -Wsuggest-attribute=format -Wsuggest-attribute=noreturn -Wunused-variable  -fPIC" />
          <item key="CHDIR" value="cd -P" />
          <item key="CONFIGURE" value="configure" />
          <item key="COUTFLAG" value="-o " />
          <item key="CP" value="cp" />
          <item key="CPP" value="gcc -E" />
          <item key="CPPFLAGS" value="-I/home/esloho/.rbenv/versions/2.7.1/include   " />
          <item key="CPPOUTFILE" value="-o conftest.i" />
          <item key="CROSS_COMPILING" value="no" />
          <item key="CXX" value="g++" />
          <item key="CXXFLAGS" value="-g -O2" />
          <item key="DLDFLAGS" value="-L/home/esloho/.rbenv/versions/2.7.1/lib  -Wl,--compress-debug-sections=zlib" />
          <item key="DLDLIBS" value=" -lc" />
          <item key="DLDSHARED" value="gcc -shared" />
          <item key="DLEXT" value="so" />
          <item key="DLNOBJ" value="dln.o" />
          <item key="ECHO_N" value="-n" />
          <item key="EGREP" value="/usr/bin/grep -E" />
          <item key="ENABLE_SHARED" value="yes" />
          <item key="EXTOUT" value=".ext" />
          <item key="GCC" value="yes" />
          <item key="GIT" value="git" />
          <item key="GNU_LD" value="yes" />
          <item key="GREP" value="/usr/bin/grep" />
          <item key="HAVE_GIT" value="yes" />
          <item key="INSTALL" value="/usr/bin/install -c" />
          <item key="INSTALL_DATA" value="/usr/bin/install -c -m 644" />
          <item key="INSTALL_PROGRAM" value="/usr/bin/install -c" />
          <item key="INSTALL_SCRIPT" value="/usr/bin/install -c" />
          <item key="INSTALL_STATIC_LIBRARY" value="no" />
          <item key="LD" value="ld" />
          <item key="LDFLAGS" value="-L. -L/home/esloho/.rbenv/versions/2.7.1/lib  -fstack-protector-strong -rdynamic -Wl,-export-dynamic" />
          <item key="LDSHARED" value="gcc -shared" />
          <item key="LDSHAREDXX" value="g++ -shared" />
          <item key="LIBEXT" value="a" />
          <item key="LIBPATHENV" value="LD_LIBRARY_PATH" />
          <item key="LIBPATHFLAG" value=" -L%1$-s" />
          <item key="LIBRUBY" value="libruby.so.2.7.1" />
          <item key="LIBRUBYARG" value="-Wl,-rpath,/home/esloho/.rbenv/versions/2.7.1/lib -L/home/esloho/.rbenv/versions/2.7.1/lib -lruby" />
          <item key="LIBRUBYARG_SHARED" value="-Wl,-rpath,/home/esloho/.rbenv/versions/2.7.1/lib -L/home/esloho/.rbenv/versions/2.7.1/lib -lruby" />
          <item key="LIBRUBYARG_STATIC" value="-Wl,-rpath,/home/esloho/.rbenv/versions/2.7.1/lib -L/home/esloho/.rbenv/versions/2.7.1/lib -lruby-static -lz -lpthread -lrt -lrt -ldl -lcrypt -lm " />
          <item key="LIBRUBY_A" value="libruby-static.a" />
          <item key="LIBRUBY_ALIASES" value="libruby.so.2.7 libruby.so" />
          <item key="LIBRUBY_RELATIVE" value="no" />
          <item key="LIBRUBY_SO" value="libruby.so.2.7.1" />
          <item key="LIBRUBY_SONAME" value="libruby.so.2.7" />
          <item key="LIBS" value="-lm " />
          <item key="LN_S" value="ln -s" />
          <item key="MAINLIBS" value="-lz -lpthread -lrt -lrt -ldl -lcrypt -lm " />
          <item key="MAJOR" value="2" />
          <item key="MAKEDIRS" value="/usr/bin/mkdir -p" />
          <item key="MAKEFILES" value="Makefile GNUmakefile" />
          <item key="MANTYPE" value="doc" />
          <item key="MATHN" value="yes" />
          <item key="MINOR" value="7" />
          <item key="MJIT_CC" value="/usr/bin/gcc" />
          <item key="MJIT_SUPPORT" value="yes" />
          <item key="MKDIR_P" value="/usr/bin/mkdir -p" />
          <item key="NM" value="nm" />
          <item key="NULLCMD" value=":" />
          <item key="OBJCOPY" value=":" />
          <item key="OBJDUMP" value="objdump" />
          <item key="OBJEXT" value="o" />
          <item key="OUTFLAG" value="-o " />
          <item key="PACKAGE" value="ruby" />
          <item key="PATCHLEVEL" value="83" />
          <item key="PATH_SEPARATOR" value=":" />
          <item key="PKG_CONFIG" value="pkg-config" />
          <item key="POSTLINK" value=":" />
          <item key="PRELOADENV" value="LD_PRELOAD" />
          <item key="PREP" value="miniruby" />
          <item key="RANLIB" value="ranlib" />
          <item key="RI_BASE_NAME" value="ri" />
          <item key="RM" value="rm -f" />
          <item key="RMALL" value="rm -fr" />
          <item key="RMDIR" value="rmdir --ignore-fail-on-non-empty" />
          <item key="RMDIRS" value="rmdir --ignore-fail-on-non-empty -p" />
          <item key="RPATHFLAG" value=" -Wl,-rpath,%1$-s" />
          <item key="RUBYW_BASE_NAME" value="rubyw" />
          <item key="RUBY_API_VERSION" value="2.7" />
          <item key="RUBY_BASE_NAME" value="ruby" />
          <item key="RUBY_EXEC_PREFIX" value="$USER_HOME$/.rbenv/versions/2.7.1" />
          <item key="RUBY_INSTALL_NAME" value="ruby" />
          <item key="RUBY_LIB_VERSION_STYLE" value="3&#9;/* full */" />
          <item key="RUBY_PROGRAM_VERSION" value="2.7.1" />
          <item key="RUBY_SO_NAME" value="ruby" />
          <item key="RUBY_VERSION_NAME" value="ruby-2.7.0" />
          <item key="SHELL" value="/bin/bash" />
          <item key="SOEXT" value="so" />
          <item key="SOLIBS" value="-lz -lpthread -lrt -lrt -ldl -lcrypt -lm " />
          <item key="STRIP" value="strip -S -x" />
          <item key="TEENY" value="1" />
          <item key="TEST_RUNNABLE" value="yes" />
          <item key="THREAD_MODEL" value="pthread" />
          <item key="UNICODE_EMOJI_VERSION" value="12.1" />
          <item key="UNICODE_VERSION" value="12.1.0" />
          <item key="WERRORFLAG" value="-Werror" />
          <item key="arch" value="x86_64-linux" />
          <item key="archdir" value="$USER_HOME$/.rbenv/versions/2.7.1/lib/ruby/2.7.0/x86_64-linux" />
          <item key="archincludedir" value="$USER_HOME$/.rbenv/versions/2.7.1/include/x86_64-linux" />
          <item key="archlibdir" value="$USER_HOME$/.rbenv/versions/2.7.1/lib/x86_64-linux" />
          <item key="bindir" value="$USER_HOME$/.rbenv/versions/2.7.1/bin" />
          <item key="build" value="x86_64-pc-linux-gnu" />
          <item key="build_cpu" value="x86_64" />
          <item key="build_os" value="linux-gnu" />
          <item key="build_vendor" value="pc" />
          <item key="cflags" value="-O3 -ggdb3 -Wall -Wextra -Wdeprecated-declarations -Wduplicated-cond -Wimplicit-function-declaration -Wimplicit-int -Wmisleading-indentation -Wpointer-arith -Wwrite-strings -Wimplicit-fallthrough=0 -Wmissing-noreturn -Wno-cast-function-type -Wno-constant-logical-operand -Wno-long-long -Wno-missing-field-initializers -Wno-overlength-strings -Wno-packed-bitfield-compat -Wno-parentheses-equality -Wno-self-assign -Wno-tautological-compare -Wno-unused-parameter -Wno-unused-value -Wsuggest-attribute=format -Wsuggest-attribute=noreturn -Wunused-variable" />
          <item key="configure_args" value=" '--prefix=/home/esloho/.rbenv/versions/2.7.1' '--enable-shared' 'LDFLAGS=-L/home/esloho/.rbenv/versions/2.7.1/lib ' 'CPPFLAGS=-I/home/esloho/.rbenv/versions/2.7.1/include '" />
          <item key="datadir" value="$USER_HOME$/.rbenv/versions/2.7.1/share" />
          <item key="datarootdir" value="$USER_HOME$/.rbenv/versions/2.7.1/share" />
          <item key="debugflags" value="-ggdb3" />
          <item key="docdir" value="$USER_HOME$/.rbenv/versions/2.7.1/share/doc/ruby" />
          <item key="dvidir" value="$USER_HOME$/.rbenv/versions/2.7.1/share/doc/ruby" />
          <item key="exec" value="exec" />
          <item key="exec_prefix" value="$USER_HOME$/.rbenv/versions/2.7.1" />
          <item key="host" value="x86_64-pc-linux-gnu" />
          <item key="host_cpu" value="x86_64" />
          <item key="host_os" value="linux-gnu" />
          <item key="host_vendor" value="pc" />
          <item key="htmldir" value="$USER_HOME$/.rbenv/versions/2.7.1/share/doc/ruby" />
          <item key="includedir" value="$USER_HOME$/.rbenv/versions/2.7.1/include" />
          <item key="infodir" value="$USER_HOME$/.rbenv/versions/2.7.1/share/info" />
          <item key="libdir" value="$USER_HOME$/.rbenv/versions/2.7.1/lib" />
          <item key="libdirname" value="libdir" />
          <item key="libexecdir" value="$USER_HOME$/.rbenv/versions/2.7.1/libexec" />
          <item key="localedir" value="$USER_HOME$/.rbenv/versions/2.7.1/share/locale" />
          <item key="localstatedir" value="$USER_HOME$/.rbenv/versions/2.7.1/var" />
          <item key="mandir" value="$USER_HOME$/.rbenv/versions/2.7.1/share/man" />
          <item key="oldincludedir" value="/usr/include" />
          <item key="optflags" value="-O3" />
          <item key="pdfdir" value="$USER_HOME$/.rbenv/versions/2.7.1/share/doc/ruby" />
          <item key="prefix" value="$USER_HOME$/.rbenv/versions/2.7.1" />
          <item key="psdir" value="$USER_HOME$/.rbenv/versions/2.7.1/share/doc/ruby" />
          <item key="ridir" value="$USER_HOME$/.rbenv/versions/2.7.1/share/ri" />
          <item key="ruby_install_name" value="ruby" />
          <item key="ruby_pc" value="ruby-2.7.pc" />
          <item key="ruby_version" value="2.7.0" />
          <item key="rubyarchdir" value="$USER_HOME$/.rbenv/versions/2.7.1/lib/ruby/2.7.0/x86_64-linux" />
          <item key="rubyarchhdrdir" value="$USER_HOME$/.rbenv/versions/2.7.1/include/ruby-2.7.0/x86_64-linux" />
          <item key="rubyarchprefix" value="$USER_HOME$/.rbenv/versions/2.7.1/lib/ruby/x86_64-linux" />
          <item key="rubyhdrdir" value="$USER_HOME$/.rbenv/versions/2.7.1/include/ruby-2.7.0" />
          <item key="rubylibdir" value="$USER_HOME$/.rbenv/versions/2.7.1/lib/ruby/2.7.0" />
          <item key="rubylibprefix" value="$USER_HOME$/.rbenv/versions/2.7.1/lib/ruby" />
          <item key="rubysitearchprefix" value="$USER_HOME$/.rbenv/versions/2.7.1/lib/ruby/x86_64-linux" />
          <item key="runstatedir" value="$USER_HOME$/.rbenv/versions/2.7.1/var/run" />
          <item key="sbindir" value="$USER_HOME$/.rbenv/versions/2.7.1/sbin" />
          <item key="setup" value="Setup" />
          <item key="sharedstatedir" value="$USER_HOME$/.rbenv/versions/2.7.1/com" />
          <item key="sitearch" value="x86_64-linux" />
          <item key="sitearchdir" value="$USER_HOME$/.rbenv/versions/2.7.1/lib/ruby/site_ruby/2.7.0/x86_64-linux" />
          <item key="sitearchhdrdir" value="$USER_HOME$/.rbenv/versions/2.7.1/include/ruby-2.7.0/site_ruby/x86_64-linux" />
          <item key="sitearchincludedir" value="$USER_HOME$/.rbenv/versions/2.7.1/include/x86_64-linux" />
          <item key="sitearchlibdir" value="$USER_HOME$/.rbenv/versions/2.7.1/lib/x86_64-linux" />
          <item key="sitedir" value="$USER_HOME$/.rbenv/versions/2.7.1/lib/ruby/site_ruby" />
          <item key="sitehdrdir" value="$USER_HOME$/.rbenv/versions/2.7.1/include/ruby-2.7.0/site_ruby" />
          <item key="sitelibdir" value="$USER_HOME$/.rbenv/versions/2.7.1/lib/ruby/site_ruby/2.7.0" />
          <item key="strict_warnflags" value="-std=gnu99" />
          <item key="sysconfdir" value="$USER_HOME$/.rbenv/versions/2.7.1/etc" />
          <item key="target" value="x86_64-pc-linux-gnu" />
          <item key="target_cpu" value="x86_64" />
          <item key="target_os" value="linux" />
          <item key="target_vendor" value="pc" />
          <item key="topdir" value="$USER_HOME$/.rbenv/versions/2.7.1/lib/ruby/2.7.0/x86_64-linux" />
          <item key="vendorarchdir" value="$USER_HOME$/.rbenv/versions/2.7.1/lib/ruby/vendor_ruby/2.7.0/x86_64-linux" />
          <item key="vendorarchhdrdir" value="$USER_HOME$/.rbenv/versions/2.7.1/include/ruby-2.7.0/vendor_ruby/x86_64-linux" />
          <item key="vendordir" value="$USER_HOME$/.rbenv/versions/2.7.1/lib/ruby/vendor_ruby" />
          <item key="vendorhdrdir" value="$USER_HOME$/.rbenv/versions/2.7.1/include/ruby-2.7.0/vendor_ruby" />
          <item key="vendorlibdir" value="$USER_HOME$/.rbenv/versions/2.7.1/lib/ruby/vendor_ruby/2.7.0" />
          <item key="warnflags" value="-Wall -Wextra -Wdeprecated-declarations -Wduplicated-cond -Wimplicit-function-declaration -Wimplicit-int -Wmisleading-indentation -Wpointer-arith -Wwrite-strings -Wimplicit-fallthrough=0 -Wmissing-noreturn -Wno-cast-function-type -Wno-constant-logical-operand -Wno-long-long -Wno-missing-field-initializers -Wno-overlength-strings -Wno-packed-bitfield-compat -Wno-parentheses-equality -Wno-self-assign -Wno-tautological-compare -Wno-unused-parameter -Wno-unused-value -Wsuggest-attribute=format -Wsuggest-attribute=noreturn -Wunused-variable" />
        </RbConfig>
      </additional>
    </jdk>
    <jdk version="2">
      <name value="Elixir 1.10.3" />
      <type value="Elixir SDK" />
      <version value="Elixir 1.10.3" />
      <homePath value="/usr/lib/elixir" />
      <roots>
        <annotationsPath>
          <root type="composite" />
        </annotationsPath>
        <classPath>
          <root type="composite">
            <root url="file:///usr/lib/elixir/lib/elixir/ebin" type="simple" />
            <root url="file:///usr/lib/elixir/lib/mix/ebin" type="simple" />
            <root url="file:///usr/lib/elixir/lib/logger/ebin" type="simple" />
            <root url="file:///usr/lib/elixir/lib/iex/ebin" type="simple" />
            <root url="file:///usr/lib/elixir/lib/eex/ebin" type="simple" />
            <root url="file:///usr/lib/elixir/lib/ex_unit/ebin" type="simple" />
            <root url="file:///usr/lib/erlang/lib/reltool-0.8/ebin" type="simple" />
            <root url="file:///usr/lib/erlang/lib/tftp-1.0.2/ebin" type="simple" />
            <root url="file:///usr/lib/erlang/lib/diameter-2.2.3/ebin" type="simple" />
            <root url="file:///usr/lib/erlang/lib/ftp-1.0.4/ebin" type="simple" />
            <root url="file:///usr/lib/erlang/lib/eldap-1.2.8/ebin" type="simple" />
            <root url="file:///usr/lib/erlang/lib/et-1.6.4/ebin" type="simple" />
            <root url="file:///usr/lib/erlang/lib/public_key-1.8/ebin" type="simple" />
            <root url="file:///usr/lib/erlang/lib/common_test-1.19/ebin" type="simple" />
            <root url="file:///usr/lib/erlang/lib/ssh-4.10/ebin" type="simple" />
            <root url="file:///usr/lib/erlang/lib/runtime_tools-1.15/ebin" type="simple" />
            <root url="file:///usr/lib/erlang/lib/wx-1.9.1/ebin" type="simple" />
            <root url="file:///usr/lib/erlang/lib/compiler-7.6.1/ebin" type="simple" />
            <root url="file:///usr/lib/erlang/lib/crypto-4.7/ebin" type="simple" />
            <root url="file:///usr/lib/erlang/lib/erts-11.0.2/ebin" type="simple" />
            <root url="file:///usr/lib/erlang/lib/erl_interface-4.0/ebin" type="simple" />
            <root url="file:///usr/lib/erlang/lib/snmp-5.6/ebin" type="simple" />
            <root url="file:///usr/lib/erlang/lib/odbc-2.13/ebin" type="simple" />
            <root url="file:///usr/lib/erlang/lib/os_mon-2.5.2/ebin" type="simple" />
            <root url="file:///usr/lib/erlang/lib/stdlib-3.13/ebin" type="simple" />
            <root url="file:///usr/lib/erlang/lib/tools-3.4/ebin" type="simple" />
            <root url="file:///usr/lib/erlang/lib/megaco-3.19.1/ebin" type="simple" />
            <root url="file:///usr/lib/erlang/lib/syntax_tools-2.3/ebin" type="simple" />
            <root url="file:///usr/lib/erlang/lib/kernel-7.0/ebin" type="simple" />
            <root url="file:///usr/lib/erlang/lib/parsetools-2.2/ebin" type="simple" />
            <root url="file:///usr/lib/erlang/lib/mnesia-4.17/ebin" type="simple" />
            <root url="file:///usr/lib/erlang/lib/jinterface-1.11/ebin" type="simple" />
            <root url="file:///usr/lib/erlang/lib/observer-2.9.4/ebin" type="simple" />
            <root url="file:///usr/lib/erlang/lib/edoc-0.12/ebin" type="simple" />
            <root url="file:///usr/lib/erlang/lib/eunit-2.5/ebin" type="simple" />
            <root url="file:///usr/lib/erlang/lib/sasl-4.0/ebin" type="simple" />
            <root url="file:///usr/lib/erlang/lib/dialyzer-4.2/ebin" type="simple" />
            <root url="file:///usr/lib/erlang/lib/ssl-10.0/ebin" type="simple" />
            <root url="file:///usr/lib/erlang/lib/asn1-5.0.13/ebin" type="simple" />
            <root url="file:///usr/lib/erlang/lib/debugger-5.0/ebin" type="simple" />
            <root url="file:///usr/lib/erlang/lib/inets-7.2/ebin" type="simple" />
            <root url="file:///usr/lib/erlang/lib/hipe-4.0/ebin" type="simple" />
            <root url="file:///usr/lib/erlang/lib/erl_docgen-1.0/ebin" type="simple" />
            <root url="file:///usr/lib/erlang/lib/xmerl-1.3.25/ebin" type="simple" />
          </root>
        </classPath>
        <javadocPath>
          <root type="composite">
            <root url="https://hexdoc.pm/mix" type="simple" />
            <root url="https://hexdoc.pm/logger" type="simple" />
            <root url="https://hexdoc.pm/iex" type="simple" />
            <root url="https://hexdoc.pm/eex" type="simple" />
            <root url="https://hexdoc.pm/ex_unit" type="simple" />
            <root url="https://hexdoc.pm/elixir" type="simple" />
          </root>
        </javadocPath>
        <sourcePath>
          <root type="composite" />
        </sourcePath>
      </roots>
      <additional erlang-sdk-name="Erlang for Elixir 23" />
    </jdk>
    <jdk version="2">
      <name value="rbenv: 2.5.1" />
      <type value="RUBY_SDK" />
      <version value="ver.2.5.1p57 ( revision 63029) p57" />
      <homePath value="$USER_HOME$/.rbenv/versions/2.5.1/bin/ruby" />
      <roots>
        <annotationsPath>
          <root type="composite" />
        </annotationsPath>
        <classPath>
          <root type="composite">
            <root url="file://$USER_HOME$/.rbenv/versions/2.5.1/lib/ruby/site_ruby/2.5.0" type="simple" />
            <root url="file://$USER_HOME$/.rbenv/versions/2.5.1/lib/ruby/site_ruby/2.5.0/x86_64-linux" type="simple" />
            <root url="file://$USER_HOME$/.rbenv/versions/2.5.1/lib/ruby/site_ruby" type="simple" />
            <root url="file://$USER_HOME$/.rbenv/versions/2.5.1/lib/ruby/vendor_ruby/2.5.0" type="simple" />
            <root url="file://$USER_HOME$/.rbenv/versions/2.5.1/lib/ruby/vendor_ruby/2.5.0/x86_64-linux" type="simple" />
            <root url="file://$USER_HOME$/.rbenv/versions/2.5.1/lib/ruby/vendor_ruby" type="simple" />
            <root url="file://$USER_HOME$/.rbenv/versions/2.5.1/lib/ruby/2.5.0" type="simple" />
            <root url="file://$USER_HOME$/.rbenv/versions/2.5.1/lib/ruby/2.5.0/x86_64-linux" type="simple" />
            <root url="file://$APPLICATION_PLUGINS_DIR$/ruby/rubystubs/rubystubs25" type="simple" />
          </root>
        </classPath>
        <javadocPath>
          <root type="composite" />
        </javadocPath>
        <sourcePath>
          <root type="composite">
            <root url="file://$USER_HOME$/.rbenv/versions/2.5.1/lib/ruby/site_ruby/2.5.0" type="simple" />
            <root url="file://$USER_HOME$/.rbenv/versions/2.5.1/lib/ruby/site_ruby/2.5.0/x86_64-linux" type="simple" />
            <root url="file://$USER_HOME$/.rbenv/versions/2.5.1/lib/ruby/site_ruby" type="simple" />
            <root url="file://$USER_HOME$/.rbenv/versions/2.5.1/lib/ruby/vendor_ruby/2.5.0" type="simple" />
            <root url="file://$USER_HOME$/.rbenv/versions/2.5.1/lib/ruby/vendor_ruby/2.5.0/x86_64-linux" type="simple" />
            <root url="file://$USER_HOME$/.rbenv/versions/2.5.1/lib/ruby/vendor_ruby" type="simple" />
            <root url="file://$USER_HOME$/.rbenv/versions/2.5.1/lib/ruby/2.5.0" type="simple" />
            <root url="file://$USER_HOME$/.rbenv/versions/2.5.1/lib/ruby/2.5.0/x86_64-linux" type="simple" />
            <root url="file://$APPLICATION_PLUGINS_DIR$/ruby/rubystubs/rubystubs25" type="simple" />
          </root>
        </sourcePath>
      </roots>
      <additional NORMALIZED_VERSION_STRING="ver.2.5.1p57 ( revision 63029) p57" version="1" GEMS_BIN_DIR_PATH="$USER_HOME$/.rbenv/versions/2.5.1/bin">
        <VERSION_MANAGER ID="rbenv">
          <option name="gemset-name" />
          <distribution-id>2.5.1</distribution-id>
          <version-manager-path>$USER_HOME$/.rbenv/libexec/rbenv</version-manager-path>
        </VERSION_MANAGER>
        <RbConfig>
          <item key="AR" value="ar" />
          <item key="ARFLAGS" value="rcD " />
          <item key="AS" value="as" />
          <item key="ASMEXT" value="S" />
          <item key="BUILTIN_TRANSSRCS" value=" enc/trans/newline.c" />
          <item key="CC" value="gcc" />
          <item key="CCDLFLAGS" value="-fPIC" />
          <item key="CC_VERSION" value="gcc --version" />
          <item key="CC_VERSION_MESSAGE" value="gcc (Ubuntu 9.2.1-9ubuntu2) 9.2.1 20191008&#10;Copyright (C) 2019 Free Software Foundation, Inc.&#10;This is free software; see the source for copying conditions.  There is NO&#10;warranty; not even for MERCHANTABILITY or FITNESS FOR A PARTICULAR PURPOSE." />
          <item key="CFLAGS" value="-O3 -ggdb3 -Wall -Wextra -Wno-unused-parameter -Wno-parentheses -Wno-long-long -Wno-missing-field-initializers -Wno-tautological-compare -Wno-parentheses-equality -Wno-constant-logical-operand -Wno-self-assign -Wunused-variable -Wimplicit-int -Wpointer-arith -Wwrite-strings -Wdeclaration-after-statement -Wimplicit-function-declaration -Wdeprecated-declarations -Wmisleading-indentation -Wno-packed-bitfield-compat -Wsuggest-attribute=noreturn -Wsuggest-attribute=format -Wimplicit-fallthrough=0 -Wduplicated-cond -Wrestrict  -fPIC" />
          <item key="CHDIR" value="cd -P" />
          <item key="CONFIGURE" value="configure" />
          <item key="COUTFLAG" value="-o " />
          <item key="CP" value="cp" />
          <item key="CPP" value="gcc -E" />
          <item key="CPPFLAGS" value="-I/home/esloho/.rbenv/versions/2.5.1/include   " />
          <item key="CPPOUTFILE" value="-o conftest.i" />
          <item key="CROSS_COMPILING" value="no" />
          <item key="CXX" value="g++" />
          <item key="CXXFLAGS" value="-O3 -ggdb3 -Wall -Wextra -Wno-unused-parameter -Wno-parentheses -Wno-long-long -Wno-missing-field-initializers -Wno-tautological-compare -Wno-parentheses-equality -Wno-constant-logical-operand -Wno-self-assign -Wunused-variable -Wimplicit-int -Wpointer-arith -Wwrite-strings -Wdeclaration-after-statement -Wimplicit-function-declaration -Wdeprecated-declarations -Wmisleading-indentation -Wno-packed-bitfield-compat -Wsuggest-attribute=noreturn -Wsuggest-attribute=format -Wimplicit-fallthrough=0 -Wduplicated-cond -Wrestrict" />
          <item key="DLDFLAGS" value="-L/home/esloho/.rbenv/versions/2.5.1/lib  -Wl,--compress-debug-sections=zlib" />
          <item key="DLDLIBS" value=" -lc" />
          <item key="DLEXT" value="so" />
          <item key="DLNOBJ" value="dln.o" />
          <item key="ECHO_N" value="-n" />
          <item key="EGREP" value="/usr/bin/grep -E" />
          <item key="ENABLE_SHARED" value="yes" />
          <item key="EXTOUT" value=".ext" />
          <item key="GCC" value="yes" />
          <item key="GIT" value="git" />
          <item key="GNU_LD" value="yes" />
          <item key="GREP" value="/usr/bin/grep" />
          <item key="HAVE_GIT" value="yes" />
          <item key="INSTALL" value="/usr/bin/install -c" />
          <item key="INSTALL_DATA" value="/usr/bin/install -c -m 644" />
          <item key="INSTALL_PROGRAM" value="/usr/bin/install -c" />
          <item key="INSTALL_SCRIPT" value="/usr/bin/install -c" />
          <item key="INSTALL_STATIC_LIBRARY" value="no" />
          <item key="LD" value="ld" />
          <item key="LDFLAGS" value="-L. -L/home/esloho/.rbenv/versions/2.5.1/lib  -fstack-protector -rdynamic -Wl,-export-dynamic" />
          <item key="LDSHARED" value="gcc -shared" />
          <item key="LDSHAREDXX" value="g++ -shared" />
          <item key="LIBEXT" value="a" />
          <item key="LIBPATHENV" value="LD_LIBRARY_PATH" />
          <item key="LIBPATHFLAG" value=" -L%1$-s" />
          <item key="LIBRUBY" value="libruby.so.2.5.1" />
          <item key="LIBRUBYARG" value="-Wl,-rpath,/home/esloho/.rbenv/versions/2.5.1/lib -L/home/esloho/.rbenv/versions/2.5.1/lib -lruby" />
          <item key="LIBRUBYARG_SHARED" value="-Wl,-rpath,/home/esloho/.rbenv/versions/2.5.1/lib -L/home/esloho/.rbenv/versions/2.5.1/lib -lruby" />
          <item key="LIBRUBYARG_STATIC" value="-Wl,-rpath,/home/esloho/.rbenv/versions/2.5.1/lib -L/home/esloho/.rbenv/versions/2.5.1/lib -lruby-static" />
          <item key="LIBRUBY_A" value="libruby-static.a" />
          <item key="LIBRUBY_ALIASES" value="libruby.so.2.5 libruby.so" />
          <item key="LIBRUBY_RELATIVE" value="no" />
          <item key="LIBRUBY_SO" value="libruby.so.2.5.1" />
          <item key="LIBRUBY_SONAME" value="libruby.so.2.5" />
          <item key="LIBS" value="-lpthread -ldl -lcrypt -lm " />
          <item key="LN_S" value="ln -s" />
          <item key="MAJOR" value="2" />
          <item key="MAKEDIRS" value="/usr/bin/mkdir -p" />
          <item key="MAKEFILES" value="Makefile GNUmakefile" />
          <item key="MANTYPE" value="doc" />
          <item key="MINOR" value="5" />
          <item key="MKDIR_P" value="/usr/bin/mkdir -p" />
          <item key="NM" value="nm" />
          <item key="NULLCMD" value=":" />
          <item key="OBJCOPY" value=":" />
          <item key="OBJDUMP" value="objdump" />
          <item key="OBJEXT" value="o" />
          <item key="OUTFLAG" value="-o " />
          <item key="PACKAGE" value="ruby" />
          <item key="PATCHLEVEL" value="57" />
          <item key="PATH_SEPARATOR" value=":" />
          <item key="PKG_CONFIG" value="pkg-config" />
          <item key="POSTLINK" value=":" />
          <item key="PRELOADENV" value="LD_PRELOAD" />
          <item key="PREP" value="miniruby" />
          <item key="RANLIB" value="ranlib" />
          <item key="RI_BASE_NAME" value="ri" />
          <item key="RM" value="rm -f" />
          <item key="RMALL" value="rm -fr" />
          <item key="RMDIR" value="rmdir --ignore-fail-on-non-empty" />
          <item key="RMDIRS" value="rmdir --ignore-fail-on-non-empty -p" />
          <item key="RPATHFLAG" value=" -Wl,-rpath,%1$-s" />
          <item key="RUBYW_BASE_NAME" value="rubyw" />
          <item key="RUBY_API_VERSION" value="2.5" />
          <item key="RUBY_BASE_NAME" value="ruby" />
          <item key="RUBY_EXEC_PREFIX" value="$USER_HOME$/.rbenv/versions/2.5.1" />
          <item key="RUBY_INSTALL_NAME" value="ruby" />
          <item key="RUBY_LIB_VERSION_STYLE" value="3&#9;/* full */" />
          <item key="RUBY_PROGRAM_VERSION" value="2.5.1" />
          <item key="RUBY_SO_NAME" value="ruby" />
          <item key="RUBY_VERSION_NAME" value="ruby-2.5.0" />
          <item key="SHELL" value="/bin/bash" />
          <item key="SOEXT" value="so" />
          <item key="SOLIBS" value="-lpthread -ldl -lcrypt -lm " />
          <item key="STRIP" value="strip -S -x" />
          <item key="TEENY" value="1" />
          <item key="TEST_RUNNABLE" value="yes" />
          <item key="THREAD_MODEL" value="pthread" />
          <item key="UNICODE_VERSION" value="10.0.0" />
          <item key="USE_RUBYGEMS" value="YES" />
          <item key="WERRORFLAG" value="-Werror" />
          <item key="arch" value="x86_64-linux" />
          <item key="archdir" value="$USER_HOME$/.rbenv/versions/2.5.1/lib/ruby/2.5.0/x86_64-linux" />
          <item key="archincludedir" value="$USER_HOME$/.rbenv/versions/2.5.1/include/x86_64-linux" />
          <item key="archlibdir" value="$USER_HOME$/.rbenv/versions/2.5.1/lib/x86_64-linux" />
          <item key="bindir" value="$USER_HOME$/.rbenv/versions/2.5.1/bin" />
          <item key="build" value="x86_64-pc-linux-gnu" />
          <item key="build_cpu" value="x86_64" />
          <item key="build_os" value="linux-gnu" />
          <item key="build_vendor" value="pc" />
          <item key="cflags" value="-O3 -ggdb3 -Wall -Wextra -Wno-unused-parameter -Wno-parentheses -Wno-long-long -Wno-missing-field-initializers -Wno-tautological-compare -Wno-parentheses-equality -Wno-constant-logical-operand -Wno-self-assign -Wunused-variable -Wimplicit-int -Wpointer-arith -Wwrite-strings -Wdeclaration-after-statement -Wimplicit-function-declaration -Wdeprecated-declarations -Wmisleading-indentation -Wno-packed-bitfield-compat -Wsuggest-attribute=noreturn -Wsuggest-attribute=format -Wimplicit-fallthrough=0 -Wduplicated-cond -Wrestrict" />
          <item key="configure_args" value=" '--prefix=/home/esloho/.rbenv/versions/2.5.1' '--enable-shared' 'LDFLAGS=-L/home/esloho/.rbenv/versions/2.5.1/lib ' 'CPPFLAGS=-I/home/esloho/.rbenv/versions/2.5.1/include '" />
          <item key="cxxflags" value="-O3 -ggdb3 -Wall -Wextra -Wno-unused-parameter -Wno-parentheses -Wno-long-long -Wno-missing-field-initializers -Wno-tautological-compare -Wno-parentheses-equality -Wno-constant-logical-operand -Wno-self-assign -Wunused-variable -Wimplicit-int -Wpointer-arith -Wwrite-strings -Wdeclaration-after-statement -Wimplicit-function-declaration -Wdeprecated-declarations -Wmisleading-indentation -Wno-packed-bitfield-compat -Wsuggest-attribute=noreturn -Wsuggest-attribute=format -Wimplicit-fallthrough=0 -Wduplicated-cond -Wrestrict" />
          <item key="datadir" value="$USER_HOME$/.rbenv/versions/2.5.1/share" />
          <item key="datarootdir" value="$USER_HOME$/.rbenv/versions/2.5.1/share" />
          <item key="debugflags" value="-ggdb3" />
          <item key="docdir" value="$USER_HOME$/.rbenv/versions/2.5.1/share/doc/ruby" />
          <item key="dvidir" value="$USER_HOME$/.rbenv/versions/2.5.1/share/doc/ruby" />
          <item key="exec" value="exec" />
          <item key="exec_prefix" value="$USER_HOME$/.rbenv/versions/2.5.1" />
          <item key="host" value="x86_64-pc-linux-gnu" />
          <item key="host_cpu" value="x86_64" />
          <item key="host_os" value="linux-gnu" />
          <item key="host_vendor" value="pc" />
          <item key="htmldir" value="$USER_HOME$/.rbenv/versions/2.5.1/share/doc/ruby" />
          <item key="includedir" value="$USER_HOME$/.rbenv/versions/2.5.1/include" />
          <item key="infodir" value="$USER_HOME$/.rbenv/versions/2.5.1/share/info" />
          <item key="libdir" value="$USER_HOME$/.rbenv/versions/2.5.1/lib" />
          <item key="libdirname" value="libdir" />
          <item key="libexecdir" value="$USER_HOME$/.rbenv/versions/2.5.1/libexec" />
          <item key="localedir" value="$USER_HOME$/.rbenv/versions/2.5.1/share/locale" />
          <item key="localstatedir" value="$USER_HOME$/.rbenv/versions/2.5.1/var" />
          <item key="mandir" value="$USER_HOME$/.rbenv/versions/2.5.1/share/man" />
          <item key="oldincludedir" value="/usr/include" />
          <item key="optflags" value="-O3" />
          <item key="pdfdir" value="$USER_HOME$/.rbenv/versions/2.5.1/share/doc/ruby" />
          <item key="prefix" value="$USER_HOME$/.rbenv/versions/2.5.1" />
          <item key="psdir" value="$USER_HOME$/.rbenv/versions/2.5.1/share/doc/ruby" />
          <item key="ridir" value="$USER_HOME$/.rbenv/versions/2.5.1/share/ri" />
          <item key="ruby_install_name" value="ruby" />
          <item key="ruby_pc" value="ruby-2.5.pc" />
          <item key="ruby_version" value="2.5.0" />
          <item key="rubyarchdir" value="$USER_HOME$/.rbenv/versions/2.5.1/lib/ruby/2.5.0/x86_64-linux" />
          <item key="rubyarchhdrdir" value="$USER_HOME$/.rbenv/versions/2.5.1/include/ruby-2.5.0/x86_64-linux" />
          <item key="rubyarchprefix" value="$USER_HOME$/.rbenv/versions/2.5.1/lib/ruby/x86_64-linux" />
          <item key="rubyhdrdir" value="$USER_HOME$/.rbenv/versions/2.5.1/include/ruby-2.5.0" />
          <item key="rubylibdir" value="$USER_HOME$/.rbenv/versions/2.5.1/lib/ruby/2.5.0" />
          <item key="rubylibprefix" value="$USER_HOME$/.rbenv/versions/2.5.1/lib/ruby" />
          <item key="rubysitearchprefix" value="$USER_HOME$/.rbenv/versions/2.5.1/lib/ruby/x86_64-linux" />
          <item key="sbindir" value="$USER_HOME$/.rbenv/versions/2.5.1/sbin" />
          <item key="setup" value="Setup" />
          <item key="sharedstatedir" value="$USER_HOME$/.rbenv/versions/2.5.1/com" />
          <item key="sitearch" value="x86_64-linux" />
          <item key="sitearchdir" value="$USER_HOME$/.rbenv/versions/2.5.1/lib/ruby/site_ruby/2.5.0/x86_64-linux" />
          <item key="sitearchhdrdir" value="$USER_HOME$/.rbenv/versions/2.5.1/include/ruby-2.5.0/site_ruby/x86_64-linux" />
          <item key="sitearchincludedir" value="$USER_HOME$/.rbenv/versions/2.5.1/include/x86_64-linux" />
          <item key="sitearchlibdir" value="$USER_HOME$/.rbenv/versions/2.5.1/lib/x86_64-linux" />
          <item key="sitedir" value="$USER_HOME$/.rbenv/versions/2.5.1/lib/ruby/site_ruby" />
          <item key="sitehdrdir" value="$USER_HOME$/.rbenv/versions/2.5.1/include/ruby-2.5.0/site_ruby" />
          <item key="sitelibdir" value="$USER_HOME$/.rbenv/versions/2.5.1/lib/ruby/site_ruby/2.5.0" />
          <item key="strict_warnflags" value="-std=gnu99" />
          <item key="sysconfdir" value="$USER_HOME$/.rbenv/versions/2.5.1/etc" />
          <item key="target" value="x86_64-pc-linux-gnu" />
          <item key="target_cpu" value="x86_64" />
          <item key="target_os" value="linux" />
          <item key="target_vendor" value="pc" />
          <item key="topdir" value="$USER_HOME$/.rbenv/versions/2.5.1/lib/ruby/2.5.0/x86_64-linux" />
          <item key="vendorarchdir" value="$USER_HOME$/.rbenv/versions/2.5.1/lib/ruby/vendor_ruby/2.5.0/x86_64-linux" />
          <item key="vendorarchhdrdir" value="$USER_HOME$/.rbenv/versions/2.5.1/include/ruby-2.5.0/vendor_ruby/x86_64-linux" />
          <item key="vendordir" value="$USER_HOME$/.rbenv/versions/2.5.1/lib/ruby/vendor_ruby" />
          <item key="vendorhdrdir" value="$USER_HOME$/.rbenv/versions/2.5.1/include/ruby-2.5.0/vendor_ruby" />
          <item key="vendorlibdir" value="$USER_HOME$/.rbenv/versions/2.5.1/lib/ruby/vendor_ruby/2.5.0" />
          <item key="warnflags" value="-Wall -Wextra -Wno-unused-parameter -Wno-parentheses -Wno-long-long -Wno-missing-field-initializers -Wno-tautological-compare -Wno-parentheses-equality -Wno-constant-logical-operand -Wno-self-assign -Wunused-variable -Wimplicit-int -Wpointer-arith -Wwrite-strings -Wdeclaration-after-statement -Wimplicit-function-declaration -Wdeprecated-declarations -Wmisleading-indentation -Wno-packed-bitfield-compat -Wsuggest-attribute=noreturn -Wsuggest-attribute=format -Wimplicit-fallthrough=0 -Wduplicated-cond -Wrestrict" />
        </RbConfig>
      </additional>
    </jdk>
    <jdk version="2">
      <name value="Erlang for Elixir 23" />
      <type value="Erlang SDK for Elixir SDK" />
      <version value="23" />
      <homePath value="/usr/lib/erlang" />
      <roots>
        <annotationsPath>
          <root type="composite" />
        </annotationsPath>
        <classPath>
          <root type="composite">
            <root url="file:///usr/lib/erlang/lib/reltool-0.8/ebin" type="simple" />
            <root url="file:///usr/lib/erlang/lib/public_key-1.8/ebin" type="simple" />
            <root url="file:///usr/lib/erlang/lib/common_test-1.19/ebin" type="simple" />
            <root url="file:///usr/lib/erlang/lib/ssh-4.10/ebin" type="simple" />
            <root url="file:///usr/lib/erlang/lib/runtime_tools-1.15/ebin" type="simple" />
            <root url="file:///usr/lib/erlang/lib/wx-1.9.1/ebin" type="simple" />
            <root url="file:///usr/lib/erlang/lib/compiler-7.6.1/ebin" type="simple" />
            <root url="file:///usr/lib/erlang/lib/crypto-4.7/ebin" type="simple" />
            <root url="file:///usr/lib/erlang/lib/tftp-1.0.2/ebin" type="simple" />
            <root url="file:///usr/lib/erlang/lib/diameter-2.2.3/ebin" type="simple" />
            <root url="file:///usr/lib/erlang/lib/erts-11.0.2/ebin" type="simple" />
            <root url="file:///usr/lib/erlang/lib/erl_interface-4.0/ebin" type="simple" />
            <root url="file:///usr/lib/erlang/lib/snmp-5.6/ebin" type="simple" />
            <root url="file:///usr/lib/erlang/lib/odbc-2.13/ebin" type="simple" />
            <root url="file:///usr/lib/erlang/lib/os_mon-2.5.2/ebin" type="simple" />
            <root url="file:///usr/lib/erlang/lib/stdlib-3.13/ebin" type="simple" />
            <root url="file:///usr/lib/erlang/lib/tools-3.4/ebin" type="simple" />
            <root url="file:///usr/lib/erlang/lib/megaco-3.19.1/ebin" type="simple" />
            <root url="file:///usr/lib/erlang/lib/syntax_tools-2.3/ebin" type="simple" />
            <root url="file:///usr/lib/erlang/lib/kernel-7.0/ebin" type="simple" />
            <root url="file:///usr/lib/erlang/lib/parsetools-2.2/ebin" type="simple" />
            <root url="file:///usr/lib/erlang/lib/mnesia-4.17/ebin" type="simple" />
            <root url="file:///usr/lib/erlang/lib/jinterface-1.11/ebin" type="simple" />
            <root url="file:///usr/lib/erlang/lib/observer-2.9.4/ebin" type="simple" />
            <root url="file:///usr/lib/erlang/lib/ftp-1.0.4/ebin" type="simple" />
            <root url="file:///usr/lib/erlang/lib/eldap-1.2.8/ebin" type="simple" />
            <root url="file:///usr/lib/erlang/lib/edoc-0.12/ebin" type="simple" />
            <root url="file:///usr/lib/erlang/lib/eunit-2.5/ebin" type="simple" />
            <root url="file:///usr/lib/erlang/lib/sasl-4.0/ebin" type="simple" />
            <root url="file:///usr/lib/erlang/lib/et-1.6.4/ebin" type="simple" />
            <root url="file:///usr/lib/erlang/lib/dialyzer-4.2/ebin" type="simple" />
            <root url="file:///usr/lib/erlang/lib/ssl-10.0/ebin" type="simple" />
            <root url="file:///usr/lib/erlang/lib/asn1-5.0.13/ebin" type="simple" />
            <root url="file:///usr/lib/erlang/lib/debugger-5.0/ebin" type="simple" />
            <root url="file:///usr/lib/erlang/lib/inets-7.2/ebin" type="simple" />
            <root url="file:///usr/lib/erlang/lib/hipe-4.0/ebin" type="simple" />
            <root url="file:///usr/lib/erlang/lib/erl_docgen-1.0/ebin" type="simple" />
            <root url="file:///usr/lib/erlang/lib/xmerl-1.3.25/ebin" type="simple" />
          </root>
        </classPath>
        <javadocPath>
          <root type="composite" />
        </javadocPath>
        <sourcePath>
          <root type="composite" />
        </sourcePath>
      </roots>
      <additional />
    </jdk>
  </component>
</application>